"Guide.ID","Event.Type","Cas9.Target.Site","Cas9.Guide","Cas9.Guide.Type","Doench.Score","Cpf1.Target.Site","Cpf1.Guide","Cpf1.Guide.Type","Cpf1.CNN.Score","log2FC"
"IntDel001069","II_Ctrl","chr5:127681919-127681939_-","AACAGGAATCAGCATAGCTA","Intergenic",0,"chr5:127682204-127682227_-","AGACCAAGGCTGTCTAACACTGA","Intergenic",0.843655825,3.236
"IntDel001020","II_Ctrl","chr4:179231680-179231700_-","TGTCTGACAACATCTATGAG","Intergenic",0,"chr4:179231448-179231471_-","ATGCCAAAGAAAAACTGAATATT","Intergenic",0.849330246,3.047
"IntDel000813","II_Ctrl","chr20:19158285-19158305_+","TTTCTGATCAATGTTGCCAG","Intergenic",0,"chr20:19159027-19159050_+","ACAATAAGCAACTAGGCTAAAAC","Intergenic",0.873578191,2.979
"IntDel001040","II_Ctrl","chr15:96895920-96895940_-","GTTTGCCTAAACTTCCCTGC","Intergenic",0,"chr15:96896293-96896316_-","ACGAGGAAGGATAGATACAACAT","Intergenic",0.846573591,2.85
"IntDel000999","II_Ctrl","chr11:59332393-59332413_+","CTAACACTACGTGTCCATGC","Intergenic",0,"chr11:59332144-59332167_+","TTACATAATCTCCCTTCCAAGTT","Intergenic",0.851252973,2.586
"IntDel000873","II_Ctrl","chr5:63114208-63114228_+","TGCTGCACTGCAAATCAGTA","Intergenic",0,"chr5:63113939-63113962_+","TTGCACTGCATTGTAAGCTAGAA","Intergenic",0.867201924,2.296
"IntDel000805","II_Ctrl","chr9:23297061-23297081_+","AAAGGCAGTTAGCAAATACA","Intergenic",0,"chr9:23296624-23296647_+","CCACATAAAGGCCCACAAGTAAA","Intergenic",0.874313533,2.294
"IntDel000622","II_Ctrl","chr1:243857231-243857251_-","TGATTCATGCCTGCATCTAG","Intergenic",0,"chr1:243856854-243856877_-","ATACATGTGAGCACACATCTAAA","Intergenic",0.905606747,2.143
"IntDel000851","II_Ctrl","chr6:8134247-8134267_-","GCCCTAGAACAGTGCTGGTA","Intergenic",0,"chr6:8133770-8133793_-","TACCTAAAAAGAAGTAGAGATAA","Intergenic",0.869413853,2.116
"IntDel001080","II_Ctrl","chr4:95777964-95777984_-","GATTGTCTACTGGTCATGTC","Intergenic",0,"chr4:95777674-95777697_-","ATAGCTAAATGGTATAACATTGT","Intergenic",0.841872513,2.092
"IntDel000916","II_Ctrl","chr6:140590417-140590437_-","ACTACTGGTAGTATTGGTTA","Intergenic",0,"chr6:140590838-140590861_-","AGCAAAGAAATACTAGAGACTAA","Intergenic",0.862135589,2.079
"IntDel001036","II_Ctrl","chr6:166031985-166032005_-","AAATGTGTAGTTTGCAACTG","Intergenic",0,"chr6:166031512-166031535_-","ACTAGACTGTTTAGACTAGAAGT","Intergenic",0.847011685,1.995
"IntDel000705","II_Ctrl","chr2:206993669-206993689_-","TAGCACTAGGGTGATTTGGC","Intergenic",0,"chr2:206993456-206993479_-","ATAGACATCTCCAAGCTGTCTTT","Intergenic",0.887606382,1.889
"IntDel000559","II_Ctrl","chr2:127820282-127820302_+","AGGATCAAGTCTGCATCCAC","Intergenic",0,"chr2:127820054-127820077_+","GTCCAGGACATAATAGCTATTTA","Intergenic",0.923882961,1.876
"IntDel000717","II_Ctrl","chr9:25479910-25479930_+","CATACTTTAACCTCTGTCTC","Intergenic",0,"chr9:25480132-25480155_+","AATGCATGTAATTCAACATATTG","Intergenic",0.885991096,1.833
"IntDel000670","II_Ctrl","chr10:25835620-25835640_+","GCACGAAAGCAATGACTAAA","Intergenic",0,"chr10:25835296-25835319_+","TCCACACACCAATATCTAAAAGA","Intergenic",0.893944383,1.817
"IntDel000865","II_Ctrl","chr2:9013541-9013561_-","GCATGTCACTGAGGTCCATC","Intergenic",0,"chr2:9013926-9013949_-","TACATCCAAAGAGTCCACAAAAT","Intergenic",0.868004024,1.736
"IntDel000785","II_Ctrl","chr12:84731695-84731715_+","GTTAGCTAAGTACTTCCTAA","Intergenic",0,"chr12:84731951-84731974_+","ACATCCTAACTCTTACCTAGTTA","Intergenic",0.87641412,1.725
"IntDel001056","II_Ctrl","chr6:53732988-53733008_-","CATCCTCCAAGCAGACTTAG","Intergenic",0,"chr6:53733274-53733297_-","TGATTATACAATAGGATGGAATT","Intergenic",0.844963014,1.683
"IntDel000781","II_Ctrl","chr18:40363299-40363319_-","GGGCCACTAACTGTGCATTA","Intergenic",0,"chr18:40362709-40362732_-","TAGGACAGAAGTTGGCAAAATAC","Intergenic",0.87684238,1.668
"IntDel001071","II_Ctrl","chr8:92682402-92682422_-","CCAAGAAATCGTGAACCGAA","Intergenic",0,"chr8:92682844-92682867_-","TAGTGAAAGTAAGAGTCAACAGC","Intergenic",0.843291461,1.659
"IntDel000558","II_Ctrl","chr4:33677651-33677671_+","TACGTCTTCCCTTATTTGTC","Intergenic",0,"chr4:33676856-33676879_+","GGATGTCCCTTTACTACAACAAA","Intergenic",0.92418772,1.617
"IntDel000547","II_Ctrl","chr6:94979159-94979179_-","ATAAGAGAAGAGGACATGTA","Intergenic",0,"chr6:94979450-94979473_-","TCATTACCACATGTACACAGCAT","Intergenic",0.926681697,1.6
"IntDel000949","II_Ctrl","chr4:63105917-63105937_-","CCCAGGTCTGCAAAGTAGTG","Intergenic",0,"chr4:63105659-63105682_-","ATGGGTAAGCATGTCAATGTCTG","Intergenic",0.857322097,1.593
"IntDel000821","II_Ctrl","chr14:45676122-45676142_+","GCACTAAAGGCTATTACTGA","Intergenic",0,"chr14:45676581-45676604_+","TTGTACACATTACCAGGAAATGA","Intergenic",0.872799993,1.502
"IntDel000608","II_Ctrl","chr2:81158006-81158026_-","TTTCCTGCGGGATTCTCTTA","Intergenic",0,"chr2:81158411-81158434_-","CTGTAAATATTTCTACATACTTA","Intergenic",0.910568416,1.496
"IntDel000541","II_Ctrl","chr12:74570385-74570405_-","CATTGTAGTACTTGGATACA","Intergenic",0,"chr12:74570172-74570195_-","TACGCAATATTCATGTGCACTGA","Intergenic",0.929783821,1.47
"IntDel001072","II_Ctrl","chr16:17677080-17677100_-","GCCTTAACTTTGACTGACCG","Intergenic",0,"chr16:17677458-17677481_-","GGAGGACATAAATTAGCCAATAC","Intergenic",0.843125999,1.469
"IntDel000884","II_Ctrl","chrY:2793199-2793219_+","TTGCCTTCTTTGAATGACGA","Intergenic",0,"chrY:2792791-2792814_+","TCCAAGGCTAACTACACTCCTCT","Intergenic",0.865309834,1.464
"IntDel000533","II_Ctrl","chrX:5835792-5835812_+","GATTCCAATCCCTACGACTG","Intergenic",0,"chrX:5836423-5836446_+","GATGTATATATATGTGCATATAA","Intergenic",0.931966066,1.458
"IntDel000759","II_Ctrl","chr12:61084012-61084032_-","TGTATGATGTGAGATTAGGG","Intergenic",0,"chr12:61083466-61083489_-","TCAAGGCATCTCTTGGCAGTAGA","Intergenic",0.879594028,1.454
"IntDel001090","II_Ctrl","chr1:75660900-75660920_-","TTCTTTGGGTCTACAAAGTA","Intergenic",0,"chr1:75661874-75661897_-","TACCAACCATGCACGAGCATTCC","Intergenic",0.840924084,1.421
"IntDel000582","II_Ctrl","chrX:103569919-103569939_-","GGCTTTGCCGCAAGAGAGGA","Intergenic",0,"chrX:103568991-103569014_-","GATATGTACTCAAAGTGGAATTG","Intergenic",0.917241573,1.417
"IntDel000871","II_Ctrl","chr11:86285889-86285909_-","AATGATCATTACACCAGGCC","Intergenic",0,"chr11:86286412-86286435_-","TAGTAGATGATATACTCAAAGCC","Intergenic",0.867616177,1.407
"IntDel000885","II_Ctrl","chr5:52188323-52188343_+","CTTGGAGACTCTAGAACAAA","Intergenic",0,"chr5:52188692-52188715_+","GTAGGTCAGACCAAAGGCCTTGG","Intergenic",0.865290999,1.392
"IntDel000662","II_Ctrl","chr13:92901915-92901935_-","GGCTGCCTGTCAAACCACAA","Intergenic",0,"chr13:92902492-92902515_-","CATCATGGCACTTACCCACTGAG","Intergenic",0.895460546,1.389
"IntDel000508","II_Ctrl","chr8:53265617-53265637_+","TTCCTGCAAGTAGGTACTAC","Intergenic",0,"chr8:53265018-53265041_+","ATATACATATACTAGTATACGTA","Intergenic",0.950224757,1.376
"IntDel000906","II_Ctrl","chr7:9606406-9606426_+","TTGAGTGAAATTAAGGTGTG","Intergenic",0,"chr7:9606683-9606706_+","TTATGGCTGTACAGTATAGTGTG","Intergenic",0.86332947,1.375
"IntDel000623","II_Ctrl","chr3:177991922-177991942_+","CCTAATTGCTTAAAGGGTAA","Intergenic",0,"chr3:177992121-177992144_+","TACAAGCCTATCTCTGGATATGC","Intergenic",0.905427754,1.35
"IntDel001003","II_Ctrl","chr1:36717133-36717153_+","CATCCTTTAAATCCTGGGCA","Intergenic",0,"chr1:36717836-36717859_+","CATGATATCCTAAATCCACTGTC","Intergenic",0.850872576,1.348
"IntDel000901","II_Ctrl","chr7:11931795-11931815_+","GAGGTATATGTTGAAGTCCG","Intergenic",0,"chr7:11932191-11932214_+","CAGTGAGAAAATTCCTTACCATA","Intergenic",0.864008665,1.335
"IntDel000641","II_Ctrl","chr10:63013852-63013872_+","TATGGATGAAACTAGAGGCA","Intergenic",0,"chr10:63014121-63014144_+","TAACCAAATAATGAGCAGGAATT","Intergenic",0.900544226,1.313
"IntDel000701","II_Ctrl","chr2:13463361-13463381_-","TGCTGGCTTTAAACTTAACC","Intergenic",0,"chr2:13463018-13463041_-","ATGCGAACTTGATGTGATGTAAA","Intergenic",0.88821125,1.301
"IntDel000721","II_Ctrl","chr12:55150034-55150054_+","GTGAGCCCAATTTACGTAAG","Intergenic",0,"chr12:55149241-55149264_+","CTGATGAGGTATGTATGTGATTG","Intergenic",0.885638654,1.3
"IntDel001032","II_Ctrl","chr6:103664475-103664495_-","AGTTCTTCAAGGGTGATAAC","Intergenic",0,"chr6:103664207-103664230_-","GTACATATTAATTGGCTAAAATA","Intergenic",0.847306013,1.299
"IntDel000826","II_Ctrl","chr12:33019275-33019295_-","TGGCCCAGTGGCAGCTTCCA","Intergenic",0,"chr12:33018638-33018661_-","CACCTCCAGTACGTATCACTAAT","Intergenic",0.87221545,1.288
"IntDel000993","II_Ctrl","chr12:14034551-14034571_-","AGTGTAACCCAAGCCATTCC","Intergenic",0,"chr12:14034896-14034919_-","GGGTATGACTGATTGATCCCATC","Intergenic",0.851878881,1.286
"IntDel001088","II_Ctrl","chr1:86329760-86329780_-","TAGTGTATTCTTGCAGAACA","Intergenic",0,"chr1:86329494-86329517_-","ATCACAGCAATCCTCCCCTCATC","Intergenic",0.841025412,1.285
"IntDel000972","II_Ctrl","chr16:82486049-82486069_+","GACAAACCCATGATTGTACC","Intergenic",0,"chr16:82486280-82486303_+","TAAGGGCTGAACTCATACAGATG","Intergenic",0.854754508,1.276
"IntDel000643","II_Ctrl","chr2:221842907-221842927_-","TAATCATCCGGTGTGTATTC","Intergenic",0,"chr2:221842487-221842510_-","ATAGTAAATATAATGGTAGATGT","Intergenic",0.900122821,1.268
"IntDel000588","II_Ctrl","chr14:102069173-102069193_-","TCTGCACTCAGACATATTCA","Intergenic",0,"chr14:102068880-102068903_-","GGATACAAGATTGGCCGAGCATG","Intergenic",0.916145146,1.259
"IntDel000685","II_Ctrl","chr21:26276553-26276573_-","TGACATATCAGTTTCAGTTC","Intergenic",0,"chr21:26276962-26276985_-","GTGTGGTCACCATAAAGTGCAAT","Intergenic",0.891272366,1.259
"IntDel000872","II_Ctrl","chr11:87650588-87650608_-","TGCAAGATTTCACACTCACA","Intergenic",0,"chr11:87649646-87649669_-","AATAGTATGAACTACGAATATAC","Intergenic",0.867523491,1.251
"IntDel000566","II_Ctrl","chr7:118943299-118943319_-","CCTTGCTTCCTATGCCACAC","Intergenic",0,"chr7:118943552-118943575_-","ATGCCATACAATGCAAACTACAT","Intergenic",0.921658218,1.245
"IntDel000835","II_Ctrl","chr4:17117942-17117962_-","TCACACGATTTGCTGATTTG","Intergenic",0,"chr4:17118349-17118372_-","ACCCTCAGCCTATGTGTTATTTG","Intergenic",0.871421814,1.235
"IntDel000692","II_Ctrl","chr4:180957281-180957301_+","GGAGCCAAATTTAATGTTTG","Intergenic",0,"chr4:180957511-180957534_+","TATTGGTCAAACCTGATAGTATA","Intergenic",0.889707506,1.234
"IntDel000636","II_Ctrl","chr4:104170113-104170133_-","TGCTGACAACTATGATTCTG","Intergenic",0,"chr4:104170554-104170577_-","GTAACACATACACCAATGTATTT","Intergenic",0.901609182,1.233
"IntDel001028","II_Ctrl","chr6:50911225-50911245_-","GCCAACATCCTTCGTTAACA","Intergenic",0,"chr6:50911020-50911043_-","AACAGACATACAAACAAAGCATT","Intergenic",0.848292351,1.228
"IntDel000466","II_Ctrl","chr3:61348684-61348704_+","CAAAGGTGTAGATTGGGCGC","Intergenic",93,"chr3:63208270-63208293_+","TGACTGGAGTGAGGTTTAAATTG","Intergenic",0,1.219
"IntDel000902","II_Ctrl","chrX:5046317-5046337_-","TTGAATGGTAGTTACTGGGC","Intergenic",0,"chrX:5045909-5045932_-","TGGCGATCTATTGTACAGTATAG","Intergenic",0.863982022,1.218
"IntDel000832","II_Ctrl","chr6:122776598-122776618_-","TAAACCTGTTGTGGTATCAA","Intergenic",0,"chr6:122777305-122777328_-","CAGCTAAAATTCCGATGACTGTT","Intergenic",0.871791482,1.203
"IntDel000844","II_Ctrl","chr8:111947701-111947721_+","ATATCCGTGCCCTTGCTTTG","Intergenic",0,"chr8:111947415-111947438_+","CTGCCACTATGTAAACTCAAAAA","Intergenic",0.870236397,1.191
"IntDel000846","II_Ctrl","chr11:58733982-58734002_-","TGACTTGACCTAGAACCTTA","Intergenic",0,"chr11:58734232-58734255_-","ATATAGTGTTATCAGGTATAATT","Intergenic",0.870082021,1.179
"IntDel001011","II_Ctrl","chr2:225271247-225271267_+","TCACTCAAATACCACTGTCA","Intergenic",0,"chr2:225271700-225271723_+","GCAAAAATACTTACGAATATATT","Intergenic",0.850400984,1.175
"IntDel000883","II_Ctrl","chr9:27898482-27898502_+","TACCTTACTAAAGGTGAGTA","Intergenic",0,"chr9:27898193-27898216_+","TCAACACTAACACCGATATTTAA","Intergenic",0.865511835,1.17
"IntDel000931","II_Ctrl","chr6:84866903-84866923_+","GGACTAATCCTGCATACACG","Intergenic",0,"chr6:84867253-84867276_+","GATACATCAGTAAGTCCAAGATA","Intergenic",0.860507905,1.17
"IntDel001030","II_Ctrl","chr2:29084797-29084817_-","CCATTATCCTATCCAGTCCC","Intergenic",0,"chr2:29085067-29085090_-","CTGAGACATAACTAGATATACGA","Intergenic",0.847757339,1.17
"IntDel000903","II_Ctrl","chr12:84224138-84224158_-","TCAGTATATCGTGGTAGCCA","Intergenic",0,"chr12:84224796-84224819_-","TGTTAGATAGACATATGCATATT","Intergenic",0.863708854,1.169
"IntDel001000","II_Ctrl","chr5:24872386-24872406_+","AGAAAGAACTCCCTTCAATG","Intergenic",0,"chr5:24872649-24872672_+","GCCTCAGACTGAGTGTTACCCAA","Intergenic",0.851136744,1.164
"IntDel001085","II_Ctrl","chr5:32520217-32520237_-","CTAGTAGCCTCCAGTGTCAG","Intergenic",0,"chr5:32520519-32520542_-","CCCATCTAGCAAGCATGAAACAG","Intergenic",0.841283977,1.147
"IntDel000719","II_Ctrl","chr4:45945535-45945555_-","TTGTCTTAGTAGCAAGGCAC","Intergenic",0,"chr4:45945822-45945845_-","AGTCCATAGCATTGTCACAACAC","Intergenic",0.885740578,1.134
"IntDel000606","II_Ctrl","chr8:20552364-20552384_-","CTATCACAGTGTCCTGGCCG","Intergenic",0,"chr8:20552591-20552614_-","AATCCCTACTTATATGGACTCTC","Intergenic",0.910710216,1.126
"IntDel000990","II_Ctrl","chr4:63828194-63828214_+","ACAGATAACTTTGGGCTCGC","Intergenic",0,"chr4:63828566-63828589_+","AGTCCATAGATCTATGACCAAGA","Intergenic",0.852226198,1.103
"IntDel000763","II_Ctrl","chr21:20659189-20659209_-","GGGTTGTAGAAGTACCTGTG","Intergenic",0,"chr21:20658960-20658983_-","TTCCAGTCTCATGGGCAGATTGA","Intergenic",0.879396021,1.101
"IntDel000917","II_Ctrl","chr13:57834315-57834335_+","GCTGTCAACAATCAGGTGTA","Intergenic",0,"chr13:57834516-57834539_+","GTAGACAGTTATTTGGAACTCTT","Intergenic",0.862133741,1.076
"IntDel000820","II_Ctrl","chr3:46655437-46655457_-","AATTATTCTCTGACCAGCCG","Intergenic",0,"chr3:46656042-46656065_-","ACTACTTCCACACCATCAATATC","Intergenic",0.872805536,1.067
"IntDel000603","II_Ctrl","chrX:56084923-56084943_+","TGGCCAGTCATTACCAATCA","Intergenic",0,"chrX:56084303-56084326_+","GCCCTAGAAGTCAAGGCTGTGAT","Intergenic",0.911500037,1.052
"IntDel000766","II_Ctrl","chrY:7123690-7123710_-","GTACTGGAAGATCTGACTGC","Intergenic",0,"chrY:7123893-7123916_-","GTATGTAATTATAATGAGGACTG","Intergenic",0.878917754,1.049
"IntDel000907","II_Ctrl","chr8:10459172-10459192_-","CCGAACTACATATATGTGAA","Intergenic",0,"chr8:10459419-10459442_-","GTAAATCTGCATAGCAGTGAACC","Intergenic",0.862859786,1.038
"IntDel000779","II_Ctrl","chr18:50213995-50214015_+","TCACTGCTAAGTGATAGAAG","Intergenic",0,"chr18:50214206-50214229_+","ACTAGTAGCATTTACCATGAAAT","Intergenic",0.877053857,1.024
"IntDel000529","II_Ctrl","chr18:39043987-39044007_-","TCAAATATCAAGAGGGTTTC","Intergenic",0,"chr18:39043747-39043770_-","GATGCAGAAAGTACACATGCAGA","Intergenic",0.932903826,0.9841
"IntDel000572","II_Ctrl","chr5:98230517-98230537_-","TGCAATCCTTTCTGCGGCTG","Intergenic",0,"chr5:98231511-98231534_-","AGGTAGGTTGTCTTGTGTATATA","Intergenic",0.920178354,0.9817
"IntDel000967","II_Ctrl","chr3:166929915-166929935_+","CTGTCAGGATCTCTAATAAC","Intergenic",0,"chr3:166930255-166930278_+","TTACAAAGGAATGAACACATACA","Intergenic",0.855064988,0.9678
"IntDel000503","II_Ctrl","chr6:48700886-48700906_+","TCAAATTCAAGCTAGGCTGC","Intergenic",0,"chr6:48700339-48700362_+","CTACAACACACACACACAGGATC","Intergenic",0.957936823,0.9636
"IntDel000675","II_Ctrl","chr2:146575861-146575881_+","ATAGATCTCTACTCTTTCTG","Intergenic",0,"chr2:146575542-146575565_+","AAACATGTAAACATGTGTCAATA","Intergenic",0.893045425,0.9619
"IntDel001027","II_Ctrl","chr17:59528404-59528424_+","CCATATTTGGAGATCTATTC","Intergenic",0,"chr17:59529137-59529160_+","CCCCCCACCCCACCTGTGCCCAT","Intergenic",0.84846276,0.9592
"IntDel000711","II_Ctrl","chr7:26019672-26019692_-","AAACTCACATATGGCTTGAA","Intergenic",0,"chr7:26020158-26020181_-","ACACAGGTGCCCATCCCATTCAC","Intergenic",0.887171626,0.9582
"IntDel000573","II_Ctrl","chr15:49695928-49695948_+","ATATCAAACTTCTGACAGGC","Intergenic",0,"chr15:49696497-49696520_+","ATGTGTAATATACAGTCATGTAT","Intergenic",0.92011416,0.9562
"IntDel000870","II_Ctrl","chr2:4250353-4250373_-","GACAGACAATGGTTTGCGAA","Intergenic",0,"chr2:4250111-4250134_-","GTGATGCCATTTCTGAAGTTACA","Intergenic",0.867638528,0.9538
"IntDel000627","II_Ctrl","chr6:27356447-27356467_-","CTTAAACACTCTTGGGATTG","Intergenic",0,"chr6:27356079-27356102_-","GCTATATGCAACATGGGACTTAG","Intergenic",0.903671384,0.9525
"IntDel000683","II_Ctrl","chr11:98093263-98093283_+","AAGATATATCCCTTCTGTCA","Intergenic",0,"chr11:98093017-98093040_+","TATGACTAAGCATTAGATACATA","Intergenic",0.891454756,0.9453
"IntDel000713","II_Ctrl","chr5:105521879-105521899_-","GTCTTCTGAGGCCATTGTTA","Intergenic",0,"chr5:105521185-105521208_-","GTGTACTCTATTTCCTAAATTGT","Intergenic",0.886684954,0.9355
"IntDel000667","II_Ctrl","chr10:64542300-64542320_-","ATACTACACTAGCGATTACC","Intergenic",0,"chr10:64542574-64542597_-","GTAGCATTAAATCCTGTATACTT","Intergenic",0.894617498,0.9331
"IntDel000668","II_Ctrl","chr6:76842084-76842104_+","GAGTGGATCCATGTATGGAA","Intergenic",0,"chr6:76841676-76841699_+","CAGACCTATCCCCCACAGCAACA","Intergenic",0.894317806,0.9317
"IntDel000914","II_Ctrl","chr8:111305666-111305686_-","GTGTACTGAAAGCAGATCTA","Intergenic",0,"chr8:111306281-111306304_-","CCAGAAAATATATATGGATGGTA","Intergenic",0.862378657,0.9311
"IntDel000658","II_Ctrl","chr6:138384450-138384470_+","GGTGGGTATTACCACTTGGG","Intergenic",0,"chr6:138384954-138384977_+","ATACTAGATATGCAATGTGGTAA","Intergenic",0.896123827,0.9268
"IntDel000646","II_Ctrl","chr7:113649770-113649790_+","GGTAACCTTAGAAACCAAAC","Intergenic",0,"chr7:113650097-113650120_+","GTATGAAACCCCCACTCTTAGTA","Intergenic",0.899199724,0.923
"IntDel000584","II_Ctrl","chr2:157507661-157507681_+","CGTGAGAGAAGTAGTGAGCC","Intergenic",0,"chr2:157508052-157508075_+","GATAAAACAATCCATGTCAAAAA","Intergenic",0.917017579,0.9122
"IntDel000925","II_Ctrl","chr2:139847210-139847230_-","TTGCATTTGAGTGTCCCGAC","Intergenic",0,"chr2:139847516-139847539_-","TTGTATGTAAAATACTGGAAAAT","Intergenic",0.860987484,0.8974
"IntDel000648","II_Ctrl","chrX:98930734-98930754_+","AATTAAGTTTCTACTGGCTG","Intergenic",0,"chrX:98931220-98931243_+","ACCATTAACCCTCAGGTACCTAA","Intergenic",0.898953617,0.8905
"IntDel000935","II_Ctrl","chr17:22469138-22469158_+","GCCTGCTACACTCACGTCAG","Intergenic",0,"chr17:22468835-22468858_+","GGTAGAAAGCAAGCTTAGTGAAG","Intergenic",0.859048963,0.8799
"IntDel000796","II_Ctrl","chr6:99812953-99812973_-","TATTGAGGAGAATGAATTCG","Intergenic",0,"chr6:99813204-99813227_-","AATGGCCTAGTCACTTCCCAAAG","Intergenic",0.875154793,0.8749
"IntDel000639","II_Ctrl","chr4:29779753-29779773_+","TAAAGCAATAAGCGGTCACA","Intergenic",0,"chr4:29779952-29779975_+","GCACATCCTCAAGAGCACTTTAT","Intergenic",0.900617123,0.8716
"IntDel000882","II_Ctrl","chrX:99585514-99585534_+","CGATAATCCTCATGATTGAG","Intergenic",0,"chrX:99586108-99586131_+","TAATCCAGAAAATTACAGGTATT","Intergenic",0.865784347,0.861
"IntDel000840","II_Ctrl","chr14:22136555-22136575_+","TACTGCACCAGGTACCCAAC","Intergenic",0,"chr14:22136854-22136877_+","ACACAAGGTGAGATATCACTAAT","Intergenic",0.870953143,0.8581
"IntDel001038","II_Ctrl","chr10:109778249-109778269_+","AAGTTAAGATGACTCGTTCA","Intergenic",0,"chr10:109778034-109778057_+","ATGAAGGGGATCATGTCATAATT","Intergenic",0.846630156,0.8541
"IntDel001084","II_Ctrl","chr2:187600974-187600994_+","GTGCAGCAAAGTGGGATATG","Intergenic",0,"chr2:187601691-187601714_+","CATACTCAGCCAACATTGAATAG","Intergenic",0.841336071,0.8469
"IntDel000897","II_Ctrl","chr3:179075497-179075517_+","TACATGATGTACTCACAATC","Intergenic",0,"chr3:179075142-179075165_+","TACACTGACTTTCATGACCTGAT","Intergenic",0.864406765,0.8413
"IntDel000649","II_Ctrl","chr14:29046082-29046102_-","CTGGCATACACCTCTGCAAA","Intergenic",0,"chr14:29045725-29045748_-","ATGTCCATGAACCTGTCAGACAT","Intergenic",0.898628712,0.8385
"IntDel000807","II_Ctrl","chr18:49493964-49493984_+","CAAATCCAAGGTCCGGCAGC","Intergenic",0,"chr18:49494213-49494236_+","ATATATCCTCCATATTCCTGACA","Intergenic",0.874161899,0.8313
"IntDel001065","II_Ctrl","chr5:22924014-22924034_+","GGGCTATCAACAAAGAAGCC","Intergenic",0,"chr5:22924389-22924412_+","TGTCAAATATTCCACAAGATTAT","Intergenic",0.84403199,0.8248
"IntDel000585","II_Ctrl","chr3:163836458-163836478_-","AAGTCTGCTCTCATGATTTA","Intergenic",0,"chr3:163835870-163835893_-","CATGCATACATATATAGTATGCA","Intergenic",0.91673255,0.819
"IntDel000859","II_Ctrl","chr13:36660965-36660985_+","AGAGTGACTGCAGTGTTGCG","Intergenic",0,"chr13:36661265-36661288_+","AGTCTACTCCCTTCACACCCACC","Intergenic",0.868780315,0.8183
"IntDel000697","II_Ctrl","chr4:18394319-18394339_-","TGATGTCTTGGAAAGTTGCA","Intergenic",0,"chr4:18393749-18393772_-","TTCCAAATACATATTACAACATG","Intergenic",0.888731539,0.8167
"IntDel000638","II_Ctrl","chr4:160474260-160474280_+","TATTTCACTTCCTCGCTAAC","Intergenic",0,"chr4:160473978-160474001_+","CATACACAAATGAGACCATATAA","Intergenic",0.901176631,0.8118
"IntDel000894","II_Ctrl","chr19:57047981-57048001_-","CTGGAAATGAGGCTCACTGC","Intergenic",0,"chr19:57048775-57048798_-","GTGCACCCATCAAAATGTACAGT","Intergenic",0.864726841,0.8084
"IntDel000703","II_Ctrl","chr4:149914437-149914457_+","AGACTGATTGTCTCATTTAG","Intergenic",0,"chr4:149914134-149914157_+","TATTAAATAATCACATGCAATTA","Intergenic",0.887896359,0.8056
"IntDel000576","II_Ctrl","chr5:100319733-100319753_-","AGGTCTGTGCCAGGACTATG","Intergenic",0,"chr5:100319321-100319344_-","GTGCTGACATTTGTATGTGTATA","Intergenic",0.918658197,0.8041
"IntDel000135","II_Ctrl","chr2:6356753-6356773_+","TTGATGAAGGCAGACTCTGC","Intergenic",73,"chr2:185021273-185021296_-","GGCAGATGTATCACTTCACTTCA","Intergenic",0,0.8027
"IntDel000200","II_Ctrl","chr2:109622722-109622742_-","ATCTCATGATTATGTGGAAG","Intergenic",64,"chr2:219903914-219903937_+","TTACTGATGCTGTGGAATACTGG","Intergenic",0,0.7926
"IntDel000565","II_Ctrl","chr6:29106600-29106620_-","CAGTGATCCTACAACCTGTG","Intergenic",0,"chr6:29106315-29106338_-","TCTACAATACACACTCAGATAAA","Intergenic",0.921891928,0.7863
"IntDel000121","II_Ctrl","chr5:61943199-61943219_-","CAGTTGGTCTTATAGACTCC","Intergenic",86,"chr5:52655005-52655028_+","AGGTAGAGAATTTCTTCAAATAA","Intergenic",0,0.7861
"IntDel000525","II_Ctrl","chr7:49729736-49729756_-","CCACCCATTTCCATATGCCC","Intergenic",0,"chr7:49729286-49729309_-","AGCACCCAAACCACACACAAGTT","Intergenic",0.934487283,0.7787
"IntDel000760","II_Ctrl","chr3:25671998-25672018_-","AAGTTTGACTTGCTTACTGC","Intergenic",0,"chr3:25672455-25672478_-","AACCAGAGATATAGTTGCTAAAC","Intergenic",0.879568636,0.776
"IntDel000939","II_Ctrl","chr6:114518661-114518681_+","TTCATTTGTAACATCACTGG","Intergenic",0,"chr6:114518870-114518893_+","CTGTCTGGCCTACTGAACAGAAA","Intergenic",0.85844171,0.775
"IntDel000751","II_Ctrl","chr10:96802249-96802269_+","CCTGGTTTGGAAAGTGTGCC","Intergenic",0,"chr10:96802981-96803004_+","GATGTAGACACAGTTTCTATAAT","Intergenic",0.880615473,0.7729
"IntDel001013","II_Ctrl","chr3:152969082-152969102_+","CACAACTTGACATGTCCAAA","Intergenic",0,"chr3:152969303-152969326_+","AAACAAGCAGCCTTGCACCCCTG","Intergenic",0.850350916,0.7637
"IntDel000732","II_Ctrl","chr5:85029681-85029701_-","TTCCACTGATTTCAGAGTTC","Intergenic",0,"chr5:85029109-85029132_-","CTGAGCCAAACTGCGGATATCAA","Intergenic",0.884631455,0.7561
"IntDel000942","II_Ctrl","chr5:107148957-107148977_-","ACACAGGCTGCAATACACAA","Intergenic",0,"chr5:107148725-107148748_-","TAGTCATCCTCCTAACAGGTGTG","Intergenic",0.85803169,0.7533
"IntDel000702","II_Ctrl","chr3:168947856-168947876_+","TCAAGTGGCTATTTAGGCTC","Intergenic",0,"chr3:168947595-168947618_+","GACCACAGTGTCAGCAGTGGGAA","Intergenic",0.888053477,0.7419
"IntDel000733","II_Ctrl","chr11:15455310-15455330_+","TGTTGACACCTTATCTTAGG","Intergenic",0,"chr11:15455819-15455842_+","GCAGACAAGCTATCTGAGCATAC","Intergenic",0.884485602,0.7382
"IntDel000739","II_Ctrl","chr13:88887197-88887217_+","AGCGAGAAAGGTTCTAACAG","Intergenic",0,"chr13:88886539-88886562_+","CATGATAATACTCACGAGTAAAT","Intergenic",0.883563936,0.7342
"IntDel000647","II_Ctrl","chr5:23039416-23039436_-","TAGTGACTCCATCGCAATAA","Intergenic",0,"chr5:23039720-23039743_-","TAAGTATAGTTTATGTGAAATAA","Intergenic",0.899191797,0.7323
"IntDel001099","II_Ctrl","chr5:93386068-93386088_+","TGCACTTAGAAGTTTCAAAG","Intergenic",0,"chr5:93386437-93386460_+","ACACTGCACAATCTCTGCCCCCG","Intergenic",0.83975327,0.7242
"IntDel000213","II_Ctrl","chr3:68963559-68963579_-","TTTAGAAATTGGCAACTCTC","Intergenic",55,"chr3:52903106-52903129_-","GGGCCTCGTGTTATTATCTTATT","Intergenic",0,0.7179
"IntDel000236","II_Ctrl","chr5:63029991-63030011_-","CAATTTATTACTCCTGGACG","Intergenic",90,"chr5:152378678-152378701_+","AGCAGACTCAGGAGCCTGCATTT","Intergenic",0,0.7169
"IntDel000255","II_Ctrl","chr1:228980426-228980446_+","AGGCACCCAGTTATGCGTGG","Intergenic",93,"chr1:98321547-98321570_-","TTAGAAGCACCTTATGTAATTAC","Intergenic",0,0.7163
"IntDel001016","II_Ctrl","chrX:4936517-4936537_-","CACCAGGCTGCACTGTCTGC","Intergenic",0,"chrX:4936062-4936085_-","GCCAATGGATATCAGAAGATTGG","Intergenic",0.850128233,0.7109
"IntDel000929","II_Ctrl","chr3:144821824-144821844_-","TCCCTATGTTGTAATACTTG","Intergenic",0,"chr3:144822422-144822445_-","TTACTCTCTAGTAGCAAAACATA","Intergenic",0.860560536,0.7096
"IntDel000611","II_Ctrl","chr20:7430330-7430350_+","AGATCCATCCTTGGGATTTC","Intergenic",0,"chr20:7429524-7429547_+","GACCAGCAATATATATGTGATCC","Intergenic",0.909308255,0.708
"IntDel000811","II_Ctrl","chr6:79592210-79592230_+","CTTGAAGAGGAGTGTTGACA","Intergenic",0,"chr6:79591793-79591816_+","TCCAAGAGCTACTGCTCAGAATT","Intergenic",0.87383908,0.7079
"IntDel000833","II_Ctrl","chr20:12662012-12662032_+","CCTTCCCTGGAAATTGTCTA","Intergenic",0,"chr20:12661726-12661749_+","GTGTAACTGATCCAAAAACTTAT","Intergenic",0.871573746,0.7079
"IntDel000963","II_Ctrl","chr14:87664282-87664302_-","CCAACATTAACCCTGATAGC","Intergenic",0,"chr14:87664521-87664544_-","GAAGCAACCTAATGAGGTTATAT","Intergenic",0.855795979,0.702
"IntDel000928","II_Ctrl","chr2:186089362-186089382_+","AGTGTTCTCCTTACAATACG","Intergenic",0,"chr2:186088407-186088430_+","AGATAAACAACAACAACTCAAAG","Intergenic",0.860673606,0.7006
"IntDel000934","II_Ctrl","chr18:43844237-43844257_-","AGGTGCTGTTTCATGCATAC","Intergenic",0,"chr18:43844516-43844539_-","AATATACTAATCAATACATTTAT","Intergenic",0.85920912,0.6999
"IntDel000633","II_Ctrl","chr2:207776920-207776940_+","TTGCACACCTTCCAACTTGG","Intergenic",0,"chr2:207776514-207776537_+","TGCCTAAGAATCCTGTAAGATTG","Intergenic",0.902463078,0.6995
"IntDel000067","II_Ctrl","chr5:73306228-73306248_+","GCATGTGATTGCCTAGGGAA","Intergenic",67,"chr5:4966928-4966951_-","CATGCCTGATGCTTTAGTGCTAG","Intergenic",0,0.697
"IntDel000988","II_Ctrl","chrX:146371153-146371173_+","CAAGTAGCTAAGGTTCAAAG","Intergenic",0,"chrX:146370871-146370894_+","TCCATTGCACTGGTCACCATCGA","Intergenic",0.852420866,0.6898
"IntDel001005","II_Ctrl","chr4:138529266-138529286_-","GCTAATATTGCAGGCATTGG","Intergenic",0,"chr4:138528850-138528873_-","AAGCACATTACTATCTTGAATCT","Intergenic",0.850736499,0.6762
"IntDel000847","II_Ctrl","chr12:74711441-74711461_-","ACAGCTTCCTTTCAGAACAA","Intergenic",0,"chr12:74711030-74711053_-","CATAGACTAGATGAATTGTATCA","Intergenic",0.870047867,0.6707
"IntDel000718","II_Ctrl","chr10:52426614-52426634_-","CTCTGACAATCTCTAAAGTC","Intergenic",0,"chr10:52426853-52426876_-","ATACTCAAATATCCAGTTGCTTA","Intergenic",0.885835409,0.668
"IntDel001048","II_Ctrl","chr9:1896409-1896429_-","TAGCAGAATTAGGGTTGTGC","Intergenic",0,"chr9:1896754-1896777_-","GAACATAATGTAAATGTGAACAT","Intergenic",0.845831215,0.6669
"IntDel000645","II_Ctrl","chr12:65730407-65730427_-","CCTCTTTCCTATCACTAAAC","Intergenic",0,"chr12:65730195-65730218_-","TAGTGTCAAACACTGGATGTTTG","Intergenic",0.899380565,0.6644
"IntDel001007","II_Ctrl","chr9:81125113-81125133_+","CAACTATTTGCAGATAGAAG","Intergenic",0,"chr9:81124900-81124923_+","GCTTAGAAACATATGTCTTCATA","Intergenic",0.850657105,0.6632
"IntDel000687","II_Ctrl","chr13:22555734-22555754_-","CCTTTATGTCCTTACATTCA","Intergenic",0,"chr13:22554891-22554914_-","CTATGCTGCTAAATGTGCAGTTG","Intergenic",0.890769482,0.6603
"IntDel000863","II_Ctrl","chr7:61933003-61933023_-","CTGTACGGTGAATCCACAAA","Intergenic",0,"chr7:61933497-61933520_-","TAGGCTGATCAATCAAGAGAAAG","Intergenic",0.868171692,0.6571
"IntDel000730","II_Ctrl","chr9:103482330-103482350_+","CCCTGCAGATTATTCAGGGC","Intergenic",0,"chr9:103482638-103482661_+","TAATGGATATGCATATGACCACA","Intergenic",0.884827018,0.6562
"IntDel000722","II_Ctrl","chr8:83431804-83431824_+","CAAAGTTATTATTCTGGTCC","Intergenic",0,"chr8:83431378-83431401_+","TGACCATGAGTATAGGTATGACA","Intergenic",0.885638356,0.652
"IntDel000539","II_Ctrl","chr7:85776760-85776780_+","ACCTTGACTATTGTGTAGGC","Intergenic",0,"chr7:85776498-85776521_+","TTACTACAATCTAAATGGACATA","Intergenic",0.930251181,0.6463
"IntDel001017","II_Ctrl","chr5:134733843-134733863_-","GAGTGGCAATTTAAGGTTTC","Intergenic",0,"chr5:134734147-134734170_-","GTATGTTATAAACACTGCAAAAC","Intergenic",0.849769175,0.6446
"IntDel000501","II_Ctrl","chr8:128634358-128634378_-","GGACATGATCACTGCCTTGG","Intergenic",0,"chr8:128634141-128634164_-","GGCAGAGTACACTACAGAGACAA","Intergenic",0.968541324,0.6435
"IntDel000631","II_Ctrl","chr8:85578294-85578314_+","ACCTTGTCCCTTAAAGACCC","Intergenic",0,"chr8:85578586-85578609_+","TATGTGAGCCCACGCACACATAT","Intergenic",0.902585387,0.6289
"IntDel000601","II_Ctrl","chr13:64986112-64986132_-","TCCACCCGTGTTATTCAAAG","Intergenic",0,"chr13:64985626-64985649_-","CTGACAATACATATCCAGTAACA","Intergenic",0.911582291,0.6224
"IntDel000857","II_Ctrl","chrX:88793737-88793757_-","GTTACAGTTCTCAAGCAGGA","Intergenic",0,"chrX:88794091-88794114_-","GTTCGATGAGTTCCTGAGTATTT","Intergenic",0.868810415,0.6217
"IntDel000754","II_Ctrl","chr1:79171675-79171695_-","TTAAGACCTAGGCAAGTGCC","Intergenic",0,"chr1:79172512-79172535_-","ACCAGTCTTACTATCACAGAATG","Intergenic",0.879963636,0.6199
"IntDel001096","II_Ctrl","chr2:76526987-76527007_+","TTGACTGAACACAGCGAAAC","Intergenic",0,"chr2:76526694-76526717_+","ACATACCTAATGAAACTTGTATT","Intergenic",0.8403579,0.6163
"IntDel000881","II_Ctrl","chr22:49054994-49055014_+","CAGTTATGCAACCTTACTTA","Intergenic",0,"chr22:49054637-49054660_+","TCCATTGCATCCATTTGAAATTA","Intergenic",0.865862191,0.6152
"IntDel000762","II_Ctrl","chrX:146601726-146601746_-","CCACTTGCATCCTAACTTTA","Intergenic",0,"chrX:146602667-146602690_-","ATGCAGAGCATGGTAACTATAAT","Intergenic",0.879404128,0.6062
"IntDel000982","II_Ctrl","chr19:32492792-32492812_-","AGTGAATCTAGTGTGATATC","Intergenic",0,"chr19:32493061-32493084_-","TCACCTCTTCCTCTGGCATACAG","Intergenic",0.853048503,0.6052
"IntDel000605","II_Ctrl","chr13:68351301-68351321_+","GGCTGACACATTTATGTGAG","Intergenic",0,"chr13:68350986-68351009_+","GATAATAGATATATGATATATTT","Intergenic",0.911280751,0.6035
"IntDel000789","II_Ctrl","chrX:108878055-108878075_-","TCTTCATCTGGTATTCCAAC","Intergenic",0,"chrX:108878610-108878633_-","AAGCCCAAGCTGGCTACAGAATT","Intergenic",0.876253068,0.6004
"IntDel000946","II_Ctrl","chr20:41320725-41320745_-","GAATTGGTCTGATGGGTTTC","Intergenic",0,"chr20:41320375-41320398_-","GATGTGGCCCCAAAGTCACCTTT","Intergenic",0.857503414,0.6
"IntDel000517","II_Ctrl","chr15:23634611-23634631_-","GACTGTATGAGTGGGAAATA","Intergenic",0,"chr15:23635174-23635197_-","GCTAGTCAATATGGTGGATTATT","Intergenic",0.93909651,0.5992
"IntDel000287","II_Ctrl","chr2:15657201-15657221_+","TGGGACTTTGCTATTGTCTC","Intergenic",77,"chr2:19390203-19390226_+","TGATGACAGCTTCTGAGGCACAT","Intergenic",0,0.5982
"IntDel000619","II_Ctrl","chrX:66866402-66866422_-","CTTTGCAACAGGGTAGATGG","Intergenic",0,"chrX:66866670-66866693_-","GTGCATAGGCCATAGTTTGGAAA","Intergenic",0.90635556,0.5962
"IntDel000659","II_Ctrl","chr5:24237337-24237357_+","GTATGGGTTAGCCATATATC","Intergenic",0,"chr5:24237577-24237600_+","GTGTAATGTTACTTACACAAAAT","Intergenic",0.89599967,0.5924
"IntDel000986","II_Ctrl","chr10:56516142-56516162_-","CGTATCCAACATAGGATTAG","Intergenic",0,"chr10:56515818-56515841_-","TGGATACATTAATCTGTGTACAC","Intergenic",0.852738798,0.584
"IntDel000768","II_Ctrl","chr5:90030313-90030333_-","CTGGAATGTGGAGTGAGTTC","Intergenic",0,"chr5:90029942-90029965_-","GTTACCTAAATGATGACAGCCAT","Intergenic",0.878607213,0.5777
"IntDel000782","II_Ctrl","chr1:189661026-189661046_+","CAAATGACCGTAGAAGCCTG","Intergenic",0,"chr1:189661232-189661255_+","GTGCTTAATAGACATAGCCATTA","Intergenic",0.87677151,0.5769
"IntDel000502","II_Ctrl","chr7:4580559-4580579_-","TGGTCCGTTGTGGTTTCTAA","Intergenic",0,"chr7:4580899-4580922_-","GGCCACTGTACATGCAGTGCTGA","Intergenic",0.95809716,0.5763
"IntDel001089","II_Ctrl","chr1:189968744-189968764_+","GGTAATTTCTTTGGATTGCA","Intergenic",0,"chr1:189969007-189969030_+","ATATAACAAAATGGTAGGTAAGT","Intergenic",0.840931833,0.5763
"IntDel000610","II_Ctrl","chr13:72114901-72114921_-","TTGAAACATGTCTCTCCTGG","Intergenic",0,"chr13:72115161-72115184_-","GGAAGTAGTTATATGAGTGCTTA","Intergenic",0.909627438,0.5737
"IntDel001077","II_Ctrl","chr19:15205604-15205624_+","CAATGTTTCTTTGCTGGCCC","Intergenic",0,"chr19:15204756-15204779_+","ACATATATGTGTACATATACGTT","Intergenic",0.842166245,0.5666
"IntDel000665","II_Ctrl","chr3:80283947-80283967_-","CATATCATCAGACTGAAACC","Intergenic",0,"chr3:80283723-80283746_-","CACTGACACTATACTAAATATAC","Intergenic",0.895065427,0.5663
"IntDel000961","II_Ctrl","chrX:87679866-87679886_+","TGTAGAGTCGAATGAGTGAG","Intergenic",0,"chrX:87680210-87680233_+","GTTCCTTGTCCACACCCTGAATA","Intergenic",0.856024623,0.5627
"IntDel000780","II_Ctrl","chrX:137541921-137541941_+","ACATAATTCAACTTGTTCCC","Intergenic",0,"chrX:137542179-137542202_+","ACACAAAGAAATGTAACAGCTAT","Intergenic",0.876860678,0.5546
"IntDel000802","II_Ctrl","chr9:32159113-32159133_-","GAACTGTTTGCATGGTCTTC","Intergenic",0,"chr9:32159546-32159569_-","GTGCACATTTACACATCAACTAA","Intergenic",0.874650359,0.5544
"IntDel000522","II_Ctrl","chr2:185496843-185496863_-","ACTTTCTGTGTAACCATGTG","Intergenic",0,"chr2:185497176-185497199_-","GATATGGGTACCCAACTGACACG","Intergenic",0.937026739,0.548
"IntDel000890","II_Ctrl","chr18:35832834-35832854_-","TCCGTTAGCTTCATCCTATC","Intergenic",0,"chr18:35833035-35833058_-","GCCTGAGACCTAAAGGGCTATTG","Intergenic",0.864829659,0.5424
"IntDel000549","II_Ctrl","chr14:59171720-59171740_+","TCCAGAGTTGTGTGAGAGTC","Intergenic",0,"chr14:59172189-59172212_+","CTCTATGTACATACTATACAGCA","Intergenic",0.926253676,0.541
"IntDel000505","II_Ctrl","chrX:43364566-43364586_+","TTTCTACTCCTACATCTGAA","Intergenic",0,"chrX:43363853-43363876_+","GTATGGCATGTAGTTTGGACTTA","Intergenic",0.953813255,0.5402
"IntDel000817","II_Ctrl","chr8:121329732-121329752_-","CAATATCAAGTACCTAGCTC","Intergenic",0,"chr8:121329361-121329384_-","CTATAAAGAAATACTACAAACAA","Intergenic",0.873291612,0.5366
"IntDel000862","II_Ctrl","chr2:67694301-67694321_+","GGTGGGTGATTTATTTGTCA","Intergenic",0,"chr2:67694565-67694588_+","TCACACTAGCACTTGATCAGAAG","Intergenic",0.868226767,0.5354
"IntDel000876","II_Ctrl","chr20:55219028-55219048_+","TAAGTTTAGCTTGCAGAGGA","Intergenic",0,"chr20:55219311-55219334_+","CCCCATATCTCATACTACACTCC","Intergenic",0.866791308,0.535
"IntDel000989","II_Ctrl","chr18:68151263-68151283_+","TCAGGGATGGGAGCATGGCA","Intergenic",0,"chr18:68150806-68150829_+","GTGGGAAGGTATGTTAATACAAC","Intergenic",0.852251649,0.5335
"IntDel000985","II_Ctrl","chr10:63093460-63093480_+","TGATTATAGGAGTGTTACGA","Intergenic",0,"chr10:63093065-63093088_+","TATCCACCATCTCCCCAGCCACT","Intergenic",0.852797806,0.53
"IntDel001001","II_Ctrl","chr6:66301305-66301325_+","GTGAAGAGATTTGATAGTTC","Intergenic",0,"chr6:66300992-66301015_+","CATAGGCTAGTTATTGACTCTGT","Intergenic",0.851031721,0.5292
"IntDel000322","II_Ctrl","chr12:4217114-4217134_-","TCTGGGCACTAATTAGGTCG","Intergenic",94,"chr12:90661415-90661438_-","TACCCATGCCTTTCCATATGTAA","Intergenic",0,0.5261
"IntDel000516","II_Ctrl","chr8:65089528-65089548_-","GATTCCACCATTTGCTCTGA","Intergenic",0,"chr8:65089876-65089899_-","AGTAGAGTGCCATAGGGGAACAA","Intergenic",0.94079417,0.5249
"IntDel001054","II_Ctrl","chr10:30254366-30254386_+","CTTGTTCTAGTCCTTTAGAA","Intergenic",0,"chr10:30253545-30253568_+","GGTTCCAATCCCACATATATTAG","Intergenic",0.845206678,0.5203
"IntDel000569","II_Ctrl","chr2:35588867-35588887_-","CCTTAAGTGAGTGATCTCCA","Intergenic",0,"chr2:35588580-35588603_-","ATACCATTACCCTCTCACCAATA","Intergenic",0.92118001,0.5178
"IntDel000583","II_Ctrl","chr2:185145880-185145900_-","CCCAAGCTGCATTAGTGTCA","Intergenic",0,"chr2:185146094-185146117_-","GATAGTAAATACTGTATAGATAC","Intergenic",0.917117715,0.5048
"IntDel000771","II_Ctrl","chr5:181132282-181132302_-","GACAGTGCTTCTATTTATGC","Intergenic",0,"chr5:181132078-181132101_-","GGCTGTGTCAAGGGGACCAACAC","Intergenic",0.878027976,0.4977
"IntDel000891","II_Ctrl","chr5:32333171-32333191_+","GACACATCTCATGAGTAACA","Intergenic",0,"chr5:32333597-32333620_+","ATTAAAGTCCTTATGGGACAATT","Intergenic",0.864814639,0.497
"IntDel001051","II_Ctrl","chr6:74987156-74987176_-","ACCCACTGGCTCATACTATG","Intergenic",0,"chr6:74986904-74986927_-","AGGTCCCTTCCCTATTGCCTTTG","Intergenic",0.845560372,0.496
"IntDel001095","II_Ctrl","chr4:117199544-117199564_-","ATAGAGATTACCAGTCACAC","Intergenic",0,"chr4:117200113-117200136_-","TAGTCCAATAACTCATGTAGTTT","Intergenic",0.84048295,0.4959
"IntDel000727","II_Ctrl","chr4:45761758-45761778_+","CGAAACAGTTCTCATGGGCA","Intergenic",0,"chr4:45762187-45762210_+","ATATACTTACCAAACTGTGTAAG","Intergenic",0.885067701,0.494
"IntDel001052","II_Ctrl","chr12:90613177-90613197_+","TTCTAATCCTCCGCATTCTC","Intergenic",0,"chr12:90612952-90612975_+","AGTGTGAGTGATGTAGTGTGACA","Intergenic",0.845389247,0.4875
"IntDel000827","II_Ctrl","chr7:139212230-139212250_-","ATTGCTTAGAAGGATGGCTG","Intergenic",0,"chr7:139211339-139211362_-","ATACTATAATTCAATGATGAAAT","Intergenic",0.872186601,0.4859
"IntDel000642","II_Ctrl","chr2:173588032-173588052_-","GTCTGAGCATGACTCAAGTC","Intergenic",0,"chr2:173587792-173587815_-","GTACTGTGACATTGGTCATCGAA","Intergenic",0.900123954,0.484
"IntDel001042","II_Ctrl","chr18:24528859-24528879_+","GACGATGTTTGTGTGAAGAG","Intergenic",0,"chr18:24528635-24528658_+","GGACTATAACATGTCTCCCCTGA","Intergenic",0.846448183,0.4711
"IntDel000473","II_Ctrl","chr10:59107811-59107831_-","GATCCACTATCTAGGACCCA","Intergenic",83,"chr10:20501054-20501077_+","AAAGAAAAATCTTTGTAGGCAAT","Intergenic",0,0.4602
"IntDel000682","II_Ctrl","chrX:26150150-26150170_-","CCATCAAGTTCTCTTCCTTG","Intergenic",0,"chrX:26149709-26149732_-","TACTAATCAATCGAAACAAAATA","Intergenic",0.891595721,0.4546
"IntDel000736","II_Ctrl","chr15:96788302-96788322_-","GGTGGATCCTACATGCAAGC","Intergenic",0,"chr15:96788567-96788590_-","GTGGGAAGATAGATGAATAATCA","Intergenic",0.884238243,0.4529
"IntDel000656","II_Ctrl","chr3:87180509-87180529_+","AGTAGAGGAATAATGATGCG","Intergenic",0,"chr3:87180721-87180744_+","TACCCACCATTTCCATTGTCATC","Intergenic",0.896477044,0.4447
"IntDel000063","II_Ctrl","chrX:93732878-93732898_+","GAATAACCCACGTCTGCACC","Intergenic",89,"chrX:14442797-14442820_+","TGGTTGGTGTGGGGGTAGCAGTC","Intergenic",0,0.4324
"IntDel000289","II_Ctrl","chr2:204113471-204113491_-","TGGCTACTTGGTAGACCGAA","Intergenic",93,"chr2:198780561-198780584_-","TTAAATAGAGAAAGCTAGCCTTA","Intergenic",0,0.4315
"IntDel000837","II_Ctrl","chr2:147765260-147765280_-","TCGAGGTGGTGTGAGCATTC","Intergenic",0,"chr2:147765474-147765497_-","AACCATGGACCACCTCAAATGCA","Intergenic",0.871293962,0.4197
"IntDel000746","II_Ctrl","chr11:103094293-103094313_+","AAGGAATCACTTTCGAACTA","Intergenic",0,"chr11:103094592-103094615_+","GTCAAGATGTGCATATGCGATGA","Intergenic",0.882316947,0.4135
"IntDel000912","II_Ctrl","chr13:70926020-70926040_-","CTTACTCTATTGATCTTGAC","Intergenic",0,"chr13:70925730-70925753_-","GATAACAGTGTCAACTCAGCATT","Intergenic",0.862579763,0.4039
"IntDel000875","II_Ctrl","chr14:86783955-86783975_-","ACCGCATTGGCAAATTTCTG","Intergenic",0,"chr14:86784158-86784181_-","TATGTTCAACTAATGAGAAAATT","Intergenic",0.867048383,0.4025
"IntDel000652","II_Ctrl","chrX:28057018-28057038_+","TAAACTCTGACGAGAAAGGA","Intergenic",0,"chrX:28057433-28057456_+","TATGATTAAAAGATACACAAATG","Intergenic",0.897373497,0.3988
"IntDel001093","II_Ctrl","chr8:121468458-121468478_-","TTCAAACTTGCTGCAATACG","Intergenic",0,"chr8:121468836-121468859_-","GACTGATAATTGGGAGACCTACT","Intergenic",0.840549231,0.3876
"IntDel000900","II_Ctrl","chr13:60634259-60634279_+","ACAATTAGCTGTGTTGGTCG","Intergenic",0,"chr13:60633417-60633440_+","GTCTAAAGCAATAGTTCAAGTGT","Intergenic",0.864056945,0.3816
"IntDel000749","II_Ctrl","chr5:51271407-51271427_-","CACTTTCACTGACCGCTCCA","Intergenic",0,"chr5:51271112-51271135_-","AGTACAAAATTCCTACATAAATG","Intergenic",0.880928099,0.3782
"IntDel000612","II_Ctrl","chrY:16482321-16482341_+","GAGTTCTGCCTAAAGTATTA","Intergenic",0,"chrY:16481639-16481662_+","ATGACTGTCTTCATTGCATAAAA","Intergenic",0.908435404,0.3747
"IntDel001058","II_Ctrl","chr14:23792796-23792816_-","TCAACTATAGAACTCTAGGC","Intergenic",0,"chr14:23791851-23791874_-","TGGTGATATAGTATGGCATAAAT","Intergenic",0.84484762,0.3619
"IntDel000799","II_Ctrl","chr8:87883148-87883168_+","TTAAACTTTGCAGGCTCGCA","Intergenic",0,"chr8:87883460-87883483_+","TGGTATGTCTTCACTACAGCATT","Intergenic",0.874822021,0.3605
"IntDel000624","II_Ctrl","chr13:84690989-84691009_+","GGATATTTAAGTTGGTCACC","Intergenic",0,"chr13:84690748-84690771_+","TACTCTACCATCCTGCTCTGTAA","Intergenic",0.904973626,0.3551
"IntDel000663","II_Ctrl","chr12:22696293-22696313_-","TGAAGAGTGAAACCTTACAA","Intergenic",0,"chr12:22696551-22696574_-","ACACAGACTAATATCGCCAGAGT","Intergenic",0.895417154,0.3547
"IntDel000597","II_Ctrl","chr4:162179439-162179459_-","TCAAAGAAGGGTTGCAGGAA","Intergenic",0,"chr4:162179863-162179886_-","TAATGGGGTTATGTGTGCATGAG","Intergenic",0.912599862,0.3441
"IntDel000678","II_Ctrl","chr6:170526447-170526467_-","CTTGAAGTTTACACCCAGTC","Intergenic",0,"chr6:170525816-170525839_-","ACCCACCACTATTCATGGTAATC","Intergenic",0.892593384,0.3427
"IntDel000275","II_Ctrl","chr1:229974948-229974968_+","GAAGCAATCCATGCATTTAG","Intergenic",76,"chr1:229158803-229158826_-","GCAGTGACCTTCCCACCACTGAC","Intergenic",0,0.3408
"IntDel000637","II_Ctrl","chr7:15969254-15969274_-","CTACATAATATGGTCTGTTC","Intergenic",0,"chr7:15969548-15969571_-","ATAACCTGTATCCAGTCTGTCAC","Intergenic",0.901231587,0.3343
"IntDel000978","II_Ctrl","chr11:121863008-121863028_+","AATCTCATATCACCACCTCC","Intergenic",0,"chr11:121863222-121863245_+","TCCAGGATATGAGCCACATGTTT","Intergenic",0.853637516,0.3325
"IntDel001015","II_Ctrl","chr3:140675431-140675451_+","AAGATGGTGTGGCTAGCACA","Intergenic",0,"chr3:140675706-140675729_+","TTATAGGATTACATAGGTGTAAA","Intergenic",0.850215077,0.3309
"IntDel000504","II_Ctrl","chr17:12302971-12302991_+","GGGAGAAGAAGTAGACCAGC","Intergenic",0,"chr17:12303445-12303468_+","ATACATGTACATGGCACATAATT","Intergenic",0.95481354,0.3273
"IntDel000632","II_Ctrl","chr14:82191472-82191492_-","ACTGATCGTGAATAAATGAC","Intergenic",0,"chr14:82192209-82192232_-","TCACATCACATTGCTCTCACACT","Intergenic",0.902559161,0.3263
"IntDel000536","II_Ctrl","chr6:54426193-54426213_+","GGATCACTTACCATGGATGC","Intergenic",0,"chr6:54426418-54426441_+","CACAATGCAGTTATGTATGTATC","Intergenic",0.930521011,0.3208
"IntDel000676","II_Ctrl","chr5:26587220-26587240_+","TCATTCTGAAGATCATCTAG","Intergenic",0,"chr5:26587898-26587921_+","GGGGCACTGATATAAAGAGTAAT","Intergenic",0.892724097,0.31
"IntDel000829","II_Ctrl","chr17:71415789-71415809_-","AAAGAAGCCATGTACTCGGA","Intergenic",0,"chr17:71415994-71416017_-","AGGCATCAGATCTATGCAAATAC","Intergenic",0.87212503,0.3074
"IntDel001002","II_Ctrl","chr4:35880195-35880215_-","TTTCAGGGTGTTTGGAGGTA","Intergenic",0,"chr4:35879950-35879973_-","TGATACATATTGTTGCTTCCAGA","Intergenic",0.850880146,0.3022
"IntDel001023","II_Ctrl","chr4:95594365-95594385_+","ATCAGGATATCTCAGTGTGA","Intergenic",0,"chr4:95594022-95594045_+","CTTACTCCAACAGCGAGACAATA","Intergenic",0.849205911,0.2969
"IntDel000970","II_Ctrl","chr11:91177805-91177825_+","CCTTGATACAACGTCAAATA","Intergenic",0,"chr11:91177518-91177541_+","ACAGAACCAGATAGGAGCAAAAA","Intergenic",0.854799569,0.2967
"IntDel000634","II_Ctrl","chr19:14917457-14917477_-","CAAGTCCTACTTCCAGAATC","Intergenic",0,"chr19:14917680-14917703_-","GGCTAACACAGCTCACAACTCTA","Intergenic",0.902192056,0.2936
"IntDel000695","II_Ctrl","chr20:7401938-7401958_-","CTCCACGTAGTGAGACAAGA","Intergenic",0,"chr20:7401556-7401579_-","GTCATACAAAGTAGTTATATAAT","Intergenic",0.889045656,0.2887
"IntDel000551","II_Ctrl","chr2:175725050-175725070_-","AGTCTTAATGTGGTAAATCC","Intergenic",0,"chr2:175724409-175724432_-","GTACCTGTATGTTTCAAAGAATT","Intergenic",0.925802946,0.2809
"IntDel000556","II_Ctrl","chr1:195432759-195432779_+","AGCATTTCTCATGGTCTCCC","Intergenic",0,"chr1:195431978-195432001_+","TAGTCACACTATGCTAGTCATGT","Intergenic",0.924493194,0.2776
"IntDel000895","II_Ctrl","chr7:48872719-48872739_-","CACATCTTGGTACTATTTGG","Intergenic",0,"chr7:48873079-48873102_-","TGGTAGGACATGGGTAAAGGATT","Intergenic",0.864607453,0.276
"IntDel001055","II_Ctrl","chr20:54152947-54152967_+","GTCAGTATTGCTCCCAGCCA","Intergenic",0,"chr20:54153340-54153363_+","TGATATAGGGCTTGTAGGCCATA","Intergenic",0.845110714,0.2707
"IntDel000657","II_Ctrl","chr3:161992969-161992989_+","TCTGAACTCCTGCATTCTTG","Intergenic",0,"chr3:161993797-161993820_+","GATTGAGCACAGTGGTGGAGTGA","Intergenic",0.896363318,0.2701
"IntDel000801","II_Ctrl","chr7:94438353-94438373_-","CAACTTTGCCATTGACTTTA","Intergenic",0,"chr7:94437934-94437957_-","ATACATAGCCCTCCCAAGTTTGA","Intergenic",0.874690652,0.2639
"IntDel001092","II_Ctrl","chr5:71814945-71814965_+","GAACACCCTGGGCAAGGTTA","Intergenic",0,"chr5:71815219-71815242_+","CCAGCAGCAGACATTGAGACAGT","Intergenic",0.840600193,0.2617
"IntDel000650","II_Ctrl","chrX:103098131-103098151_+","AAGCTTCCGTACTCCAATAG","Intergenic",0,"chrX:103097400-103097423_+","AGATGGCTATCCAGACAGCCAAC","Intergenic",0.898332834,0.2588
"IntDel001050","II_Ctrl","chr3:83590412-83590432_+","GAGGTATCAACATAAGCTCC","Intergenic",0,"chr3:83590147-83590170_+","GTGGTCATGGCACTGGAGCCAAC","Intergenic",0.845734596,0.2577
"IntDel000563","II_Ctrl","chr4:152238850-152238870_-","CTTCTGTGGCAGCAGCAATA","Intergenic",0,"chr4:152238609-152238632_-","ATAGGTCCATCCAAGGACATTAA","Intergenic",0.922430992,0.2476
"IntDel000526","II_Ctrl","chr10:4349180-4349200_-","ATGGGAGCGTAACTGCTAAA","Intergenic",0,"chr10:4348935-4348958_-","GAAGGAGATTACTGTGGAGTACA","Intergenic",0.934060812,0.2442
"IntDel000954","II_Ctrl","chr6:49347601-49347621_-","GTCTTCAGGAGAGAACTTGA","Intergenic",0,"chr6:49346996-49347019_-","TGTGGAGGTGCTCACTTTGATCT","Intergenic",0.856216133,0.2429
"IntDel000553","II_Ctrl","chr10:85101261-85101281_+","GGGTCTGTTTGGCTTAGCGC","Intergenic",0,"chr10:85101462-85101485_+","GTACTATGTTCCTTGTCCCAATC","Intergenic",0.925171733,0.2421
"IntDel000940","II_Ctrl","chrX:95877002-95877022_+","ATCAAGATGTCCACAAGCTC","Intergenic",0,"chrX:95877349-95877372_+","GGGCAGGGGCAGGAGAGTGACAC","Intergenic",0.858287036,0.236
"IntDel000836","II_Ctrl","chr6:144104072-144104092_+","TACAGTTCAGCATTTGAGTA","Intergenic",0,"chr6:144104406-144104429_+","GGAGATTACATTCATGGATGTAT","Intergenic",0.87139231,0.2358
"IntDel000696","II_Ctrl","chr17:76785175-76785195_-","TCAGCACGATAATGTCCTCC","Intergenic",0,"chr17:76784963-76784986_-","TGTATATGCCCAGAGTGAAATTA","Intergenic",0.889002502,0.2338
"IntDel000922","II_Ctrl","chr3:131524925-131524945_-","GGAATGTTATCATCCTGTTG","Intergenic",0,"chr3:131525584-131525607_-","TCCCCACCTAGTACCTCAGTTTC","Intergenic",0.861621499,0.2242
"IntDel000987","II_Ctrl","chr11:110763962-110763982_+","AGTTATGAGACATCATCCCA","Intergenic",0,"chr11:110764192-110764215_+","GCACATTACAAAGTGCTTTCATA","Intergenic",0.852643549,0.224
"IntDel000575","II_Ctrl","chr2:238917580-238917600_-","TTTGGTGACGCACCCAACAC","Intergenic",0,"chr2:238917877-238917900_-","CATAGTTATAGCTGTGTGATACA","Intergenic",0.919425547,0.2175
"IntDel000537","II_Ctrl","chr4:35172082-35172102_-","CCATATCAGGCCTCACAGAA","Intergenic",0,"chr4:35171779-35171802_-","TGCAGCTGTAATAGGACACCTGA","Intergenic",0.930459797,0.2148
"IntDel000731","II_Ctrl","chrX:119463343-119463363_+","TTCATGAAACTTCTACCAGC","Intergenic",0,"chrX:119464129-119464152_+","AAGTCTACCTTACACATACACAT","Intergenic",0.884801924,0.2118
"IntDel001064","II_Ctrl","chr5:39714446-39714466_-","AGCTACTATCTATTGGATTG","Intergenic",0,"chr5:39714747-39714770_-","GTTCCATACATGTAGTTGTTTGA","Intergenic",0.84422797,0.2055
"IntDel000910","II_Ctrl","chr4:73885215-73885235_-","GGATTTGAACCACAAACATA","Intergenic",0,"chr4:73884867-73884890_-","GATCTTGTACTTTCAGTACATTG","Intergenic",0.862679362,0.2048
"IntDel000974","II_Ctrl","chr5:143918615-143918635_+","ACACACATGAAATCAGGGCA","Intergenic",0,"chr5:143918819-143918842_+","TCCACCCCTCTGGGTTGTAATGA","Intergenic",0.854200363,0.1859
"IntDel000737","II_Ctrl","chr4:160825947-160825967_+","GGCAAAGCTTAACTCATATA","Intergenic",0,"chr4:160826443-160826466_+","ACTACTAGTAAAGCCACGCACGT","Intergenic",0.884113729,0.1847
"IntDel000773","II_Ctrl","chr14:41023446-41023466_+","TTTGTGTAGTCACTCAGTCA","Intergenic",0,"chr14:41022936-41022959_+","GTGGGAGTGTTTAGTTCACGTAC","Intergenic",0.877940834,0.1834
"IntDel000947","II_Ctrl","chr11:106472977-106472997_-","CCTTGTCATTCCTGTTATTC","Intergenic",0,"chr11:106473291-106473314_-","ATAAGACAAGACAGAGCCAGAAT","Intergenic",0.85749799,0.1829
"IntDel001059","II_Ctrl","chr7:117975575-117975595_+","TACATTGCTCAATTTCCATG","Intergenic",0,"chr7:117975246-117975269_+","ACCTAAGTACAAAGTGTTGTTAT","Intergenic",0.844701052,0.1686
"IntDel000544","II_Ctrl","chr9:29617664-29617684_+","CATCTGTAGGTATTGATGAC","Intergenic",0,"chr9:29618300-29618323_+","TGTGAGGTGTGTGGGTCTGATTT","Intergenic",0.928308189,0.1669
"IntDel001047","II_Ctrl","chr6:126653474-126653494_+","CACGATTAATGCTTGCCTGA","Intergenic",0,"chr6:126653796-126653819_+","ATGAGGATATTACATAAGGCAAT","Intergenic",0.845868647,0.1654
"IntDel000204","II_Ctrl","chr7:36736321-36736341_+","ATTCACATGTGCCCTATGTA","Intergenic",85,"chr7:54198516-54198539_-","AATACAGAAAAAACAGGTGAAGA","Intergenic",0,0.1623
"IntDel000919","II_Ctrl","chr6:76710341-76710361_+","TATCTTTCACAGAGTCACTC","Intergenic",0,"chr6:76710106-76710129_+","GAACCTGGCACAGTGATTGTAAG","Intergenic",0.861764073,0.1617
"IntDel000694","II_Ctrl","chr4:85052103-85052123_-","CTATATTTCACACTGCTGCC","Intergenic",0,"chr4:85052319-85052342_-","GACACCACCTCCCACAGATACAC","Intergenic",0.889139414,0.1524
"IntDel000976","II_Ctrl","chr6:102406948-102406968_-","GCATGAACAGTAGATTAAAG","Intergenic",0,"chr6:102406354-102406377_-","CAGTATGCAAAAAGATGACAAAG","Intergenic",0.853889942,0.1484
"IntDel000996","II_Ctrl","chr11:39438081-39438101_+","AACTCATGATTTGGAATCAG","Intergenic",0,"chr11:39438552-39438575_+","ATATCAATCCCTGGGATTACAGG","Intergenic",0.851629078,0.1476
"IntDel000887","II_Ctrl","chrX:135460189-135460209_+","GTAGCCATCTAGGCCAAGCA","Intergenic",0,"chrX:135459865-135459888_+","TACCAGACATCAAATCCTGATAC","Intergenic",0.865197122,0.1475
"IntDel000689","II_Ctrl","chrX:43435901-43435921_+","CAAACTCTGACTGAGAACTG","Intergenic",0,"chrX:43435581-43435604_+","ACTCCTCTAATACAGTGACTGTA","Intergenic",0.890475154,0.1448
"IntDel000945","II_Ctrl","chr6:32447402-32447422_+","TTGCTTAGCCATATGCATAC","Intergenic",0,"chr6:32447062-32447085_+","TACAATGCTTAACATCCTGTATT","Intergenic",0.857564807,0.1392
"IntDel000602","II_Ctrl","chr3:183447048-183447068_+","ACTGTATTGGTATATCCCAC","Intergenic",0,"chr3:183446299-183446322_+","GGCCTGGTGCTTCTGTGGATTCA","Intergenic",0.911554635,0.1386
"IntDel000867","II_Ctrl","chr13:54864651-54864671_-","GCTCAATCCCAGTGATACCA","Intergenic",0,"chr13:54864916-54864939_-","TATAAACCACATGGCTAATTCTT","Intergenic",0.867788196,0.1384
"IntDel001081","II_Ctrl","chr5:120188873-120188893_-","GTCTCTCTCAGCTTGTGATG","Intergenic",0,"chr5:120189086-120189109_-","AGCCAACAACTATTCAGATAGAG","Intergenic",0.841710746,0.1337
"IntDel000855","II_Ctrl","chr4:64534933-64534953_-","CTGAGACAATTGACTAAATC","Intergenic",0,"chr4:64534628-64534651_-","ATCCTCCAGCTGTCACTCAATTT","Intergenic",0.868987203,0.1335
"IntDel000791","II_Ctrl","chrX:86866836-86866856_+","ACCCTAATGTCTTTACAATG","Intergenic",0,"chrX:86866622-86866645_+","TATCTGGCCCACATACCTCAGGA","Intergenic",0.875810742,0.1287
"IntDel000784","II_Ctrl","chrX:134440695-134440715_-","TGCAGAGATTTCCATAACAA","Intergenic",0,"chrX:134440348-134440371_-","GTGATATGAATCAATAGACTTTA","Intergenic",0.87669915,0.127
"IntDel001039","II_Ctrl","chr10:99776042-99776062_-","ATGACTCATCTACATGATTC","Intergenic",0,"chr10:99776252-99776275_-","ATAGGGATAGGAAGGCTGTACAA","Intergenic",0.846590161,0.1239
"IntDel000629","II_Ctrl","chr6:141120795-141120815_-","TTCCGAATCAACATACCAAC","Intergenic",0,"chr6:141121318-141121341_-","CACATGCATATCAAGCAAGTATT","Intergenic",0.902995706,0.1224
"IntDel000860","II_Ctrl","chr11:32817983-32818003_+","CACTACCAATTAACTAGAAC","Intergenic",0,"chr11:32817648-32817671_+","CATGACTCCTCACTACCTACTGA","Intergenic",0.868484735,0.1219
"IntDel000775","II_Ctrl","chr5:30906612-30906632_+","GTTCTTCTCATCTTAAACCC","Intergenic",0,"chr5:30906365-30906388_+","AATACACACATTCCTGCTGTCAT","Intergenic",0.877667546,0.1145
"IntDel000822","II_Ctrl","chr6:23829447-23829467_-","ATGGTCAGCTTGATTTACAA","Intergenic",0,"chr6:23829120-23829143_-","AAAGGACACCTACCATCAAGAAA","Intergenic",0.872492492,0.1072
"IntDel000644","II_Ctrl","chr4:138692304-138692324_-","AAGAGATAGCTCCTCATAGA","Intergenic",0,"chr4:138691949-138691972_-","GGACACAGACTGGCTGTCCTTAT","Intergenic",0.899448931,0.1043
"IntDel000725","II_Ctrl","chr3:34861370-34861390_-","AGGCATGCCTCTGGACACAG","Intergenic",0,"chr3:34861049-34861072_-","AACATAAGAAACACAGAGACCAA","Intergenic",0.885124385,0.09834
"IntDel000828","II_Ctrl","chr14:106845451-106845471_+","CACGTACAGAGGCAAGACAG","Intergenic",0,"chr14:106846038-106846061_+","ACGTAGGCAGTAGTCACTATAAA","Intergenic",0.872144878,0.08162
"IntDel000793","II_Ctrl","chr19:30714185-30714205_-","TTAGTACTGCAGGACCCTAC","Intergenic",0,"chr19:30713715-30713738_-","TACATGGAGTTTGACAACGTCTT","Intergenic",0.87562114,0.08148
"IntDel000886","II_Ctrl","chr5:121421629-121421649_+","TAGCCCTTCCTGAATCACAA","Intergenic",0,"chr5:121421975-121421998_+","TCCTATATATTCATGTGCTATTT","Intergenic",0.865260601,0.08098
"IntDel000994","II_Ctrl","chr2:14519601-14519621_-","TGTTCCGCTCCCTTTGGCTC","Intergenic",0,"chr2:14519253-14519276_-","GAGCTCAAAGAATTGATGGTCTA","Intergenic",0.851761341,0.07806
"IntDel001068","II_Ctrl","chr9:107660282-107660302_-","CAGTACAGCATCACTGTCGG","Intergenic",0,"chr9:107659945-107659968_-","ATTGACACACTGGGGGAAAAATG","Intergenic",0.843668163,0.07665
"IntDel000381","II_Ctrl","chr5:135829987-135830007_+","AGGCTTCGATAGATCTACAC","Intergenic",95,"chr5:120153955-120153978_+","TGTCTCAATGTCCAAAGGTATAT","Intergenic",0,0.07544
"IntDel000546","II_Ctrl","chr9:73480233-73480253_+","CTTGGAATAGAATTAAAGGG","Intergenic",0,"chr9:73480654-73480677_+","AGCATCCAGATAGCATACACGTT","Intergenic",0.927836597,0.07223
"IntDel000960","II_Ctrl","chr5:18448702-18448722_+","CTTTCATATGTCACGTGTCG","Intergenic",0,"chr5:18448445-18448468_+","TCCCACCCACAAGTGGCAATCAC","Intergenic",0.856051803,0.07141
"IntDel000998","II_Ctrl","chr5:58927240-58927260_+","CCATGGATATTGCCAGCAAC","Intergenic",0,"chr5:58927489-58927512_+","GTCAGAGCATGGCAGCAGCCTTA","Intergenic",0.851349056,0.063
"IntDel000936","II_Ctrl","chr4:96847442-96847462_-","TAAAGCCAGAAGACACTTTC","Intergenic",0,"chr4:96847204-96847227_-","TATTGTATAGTATGTACACTTAA","Intergenic",0.859012306,0.05715
"IntDel000567","II_Ctrl","chr1:248380366-248380386_+","GCCCTCAAATATCATTAGCA","Intergenic",0,"chr1:248380624-248380647_+","GCTATATCCTATAGGCTTCCATA","Intergenic",0.92153728,0.05435
"IntDel000414","II_Ctrl","chr10:59107811-59107831_-","GATCCACTATCTAGGACCCA","Intergenic",83,"chr10:29055775-29055798_-","GGACTGGGTGGCAAAAGGTGAAG","Intergenic",0,0.05176
"IntDel000542","II_Ctrl","chr4:87469385-87469405_+","CACAGCTAGCACATGGCATA","Intergenic",0,"chr4:87469110-87469133_+","GTGTCAGAGCATTTCCATGTAAC","Intergenic",0.929567933,0.04455
"IntDel000955","II_Ctrl","chr15:58765880-58765900_+","TGATCATACTGCTAACTCTG","Intergenic",0,"chr15:58766239-58766262_+","TGTCCAGTGAATGCAATACAGTG","Intergenic",0.856205583,0.04328
"IntDel000679","II_Ctrl","chr3:144969054-144969074_+","ACATGAGGATGAGCCATAGA","Intergenic",0,"chr3:144968327-144968350_+","TGGTATGGCTAACAGACATAAAC","Intergenic",0.892540812,0.0424
"IntDel001033","II_Ctrl","chr5:115550965-115550985_-","TTAGGGCACCACTCTCTCCC","Intergenic",0,"chr5:115550701-115550724_-","TAGCTACATTTCTCCTACAGACC","Intergenic",0.847299159,0.0395
"IntDel000956","II_Ctrl","chr6:122811486-122811506_+","ATGAGTCCGAGCACTGGAAA","Intergenic",0,"chr6:122811712-122811735_+","CATTGTAAAACCAGAGCATGTTA","Intergenic",0.856197417,0.03947
"IntDel000908","II_Ctrl","chr10:59641133-59641153_-","CTGAGTCCGAAGTCCGCAGA","Intergenic",0,"chr10:59641893-59641916_-","CAGGCCAAGGGCTTATGTGTATA","Intergenic",0.862765729,0.02945
"IntDel000824","II_Ctrl","chr15:36338085-36338105_-","AGTTGGAAGATCGACTTAGC","Intergenic",0,"chr15:36337648-36337671_-","GATAGATCACCAAAAGGATGATC","Intergenic",0.872289002,0.026
"IntDel000905","II_Ctrl","chr7:145153359-145153379_-","TTGTTCCTCCAACAACTGAC","Intergenic",0,"chr7:145154256-145154279_-","TACCAGATATTCCCTGATACCTT","Intergenic",0.863350153,0.02415
"IntDel001075","II_Ctrl","chr3:89921971-89921991_+","AGATGATGAACATGCTCACG","Intergenic",0,"chr3:89921301-89921324_+","TATATAAGAGCATTCCACAATTT","Intergenic",0.842837811,0.02157
"IntDel000756","II_Ctrl","chr19:56882343-56882363_+","GCTGGCTTCTTCAGCCACAC","Intergenic",0,"chr19:56883085-56883108_+","TGCTGAATACTAATGTTCCATTG","Intergenic",0.8798877,0.01911
"IntDel000531","II_Ctrl","chr4:114208307-114208327_+","AACAAAGCAACCACTGACAA","Intergenic",0,"chr4:114207718-114207741_+","CAGGAAACATTTGTGTACACTGA","Intergenic",0.932250082,0.01863
"IntDel000896","II_Ctrl","chr11:91846991-91847011_+","GTTATGATATGGCTGTCTTA","Intergenic",0,"chr11:91847251-91847274_+","ATAACAGGGTACTCATTCAGTCA","Intergenic",0.864544153,0.0143
"IntDel000926","II_Ctrl","chr7:29589891-29589911_-","CTGCAGGAAAGAACCCTATA","Intergenic",0,"chr7:29590156-29590179_-","GGTTCACCAAAAACGGGTATTCA","Intergenic",0.860875726,-0.005713
"IntDel000728","II_Ctrl","chr11:105550265-105550285_+","TGTTCAGACTTGGTCAACAG","Intergenic",0,"chr11:105550547-105550570_+","AGATACAGATTCTATCTAAGCCA","Intergenic",0.884978414,-0.02551
"IntDel000523","II_Ctrl","chr5:14004308-14004328_-","CGCAGCTCATCAGAGAAAGG","Intergenic",0,"chr5:14004529-14004552_-","CACCACAGTGTGCTGCTGCCATT","Intergenic",0.936037004,-0.02575
"IntDel000141","II_Ctrl","chr9:94683423-94683443_-","GGGCCTCCTCTCCAAATACC","Intergenic",78,"chr9:102355317-102355340_-","AAATAATCTATATAACCTAATAT","Intergenic",0,-0.02577
"IntDel000620","II_Ctrl","chr5:125628072-125628092_+","TGATCCACACACTTAACCCA","Intergenic",0,"chr5:125627854-125627877_+","CAGAACACTACAAGGAGCAATAG","Intergenic",0.905781865,-0.02733
"IntDel000765","II_Ctrl","chr1:80023553-80023573_+","CACAGTGATTCATGCATAAC","Intergenic",0,"chr1:80023307-80023330_+","AACTCTGAAACTGTACACACAGA","Intergenic",0.87919575,-0.02804
"IntDel001063","II_Ctrl","chr4:178130892-178130912_-","CTCACAAACAAGCACGTTTG","Intergenic",0,"chr4:178130522-178130545_-","GATAGTCAGAGACAAATGAATTT","Intergenic",0.844357252,-0.02945
"IntDel000691","II_Ctrl","chrX:144327810-144327830_+","AAGGTTGTGTAAACAATAGC","Intergenic",0,"chrX:144327558-144327581_+","ATCCATGCAACCTATCTAAATAT","Intergenic",0.889933825,-0.02999
"IntDel000932","II_Ctrl","chr1:80453389-80453409_+","AATACCGTGTAACGAGGGAG","Intergenic",0,"chr1:80453628-80453651_+","ATGCAATGAAAATCTCACAAATA","Intergenic",0.860465288,-0.03245
"IntDel001087","II_Ctrl","chr7:9535358-9535378_+","GGTCAACAGTGTGATGTCTC","Intergenic",0,"chr7:9535855-9535878_+","TAGGATATAATTATGTCATCAAT","Intergenic",0.841187358,-0.03385
"IntDel000568","II_Ctrl","chr4:34617951-34617971_-","CATCAGTGGGACATCACTTA","Intergenic",0,"chr4:34617345-34617368_-","GATCCACTATAAACCTGATAATT","Intergenic",0.921385705,-0.03808
"IntDel000838","II_Ctrl","chr10:83553487-83553507_-","GTATGGTTTACTGCTCCAAG","Intergenic",0,"chr10:83552571-83552594_-","AAGATAGGTCCGTAGAGACTATG","Intergenic",0.871016264,-0.04176
"IntDel000453","II_Ctrl","chr12:20187600-20187620_+","GAGGCTATTGCAGTTAAGAC","Intergenic",83,"chr12:106027388-106027411_+","ACAGCCCAGCACTAGGGTCACCA","Intergenic",0,-0.04516
"IntDel000770","II_Ctrl","chr7:136626107-136626127_-","AATGGTCAAAGGATCAATGG","Intergenic",0,"chr7:136625800-136625823_-","AACATTGAGAAACTGACAGTTCA","Intergenic",0.878270447,-0.04619
"IntDel001046","II_Ctrl","chr3:78135826-78135846_+","CATTTATGGGTCACCTAATA","Intergenic",0,"chr3:78135532-78135555_+","CCACTAGTTGCTATCTGTAATTT","Intergenic",0.845983386,-0.05083
"IntDel001018","II_Ctrl","chr8:107574427-107574447_+","GTTTCTAGTATACAAAGGGA","Intergenic",0,"chr8:107574207-107574230_+","CTATCCAGGACGGGAGACAAAAA","Intergenic",0.849628747,-0.05085
"IntDel000704","II_Ctrl","chr7:107863511-107863531_-","AGAATCTAGACTGATGGTAA","Intergenic",0,"chr7:107863221-107863244_-","AGTATACTCATGACCTGTTAATG","Intergenic",0.887742877,-0.05185
"IntDel000921","II_Ctrl","chr8:74110521-74110541_+","CCAGGGAGTGACCCATAAGA","Intergenic",0,"chr8:74110314-74110337_+","ATATACCTGATAACAGTCCCATA","Intergenic",0.86167562,-0.05671
"IntDel000888","II_Ctrl","chr18:31241949-31241969_+","AACCAGCTTAGCAACTTTCC","Intergenic",0,"chr18:31241550-31241573_+","CAGTATAAGGAAGGTTGTTGATG","Intergenic",0.865037262,-0.06363
"IntDel000923","II_Ctrl","chr7:14995517-14995537_+","TTAAGGTTATCACTCTCTTC","Intergenic",0,"chr7:14995296-14995319_+","GCATCAAAATATAAGGAATGTTA","Intergenic",0.861509442,-0.07708
"IntDel000866","II_Ctrl","chr13:76324313-76324333_+","GTGCTTTGTTATTGTCTCAC","Intergenic",0,"chr13:76325087-76325110_+","GTCCTAGTCCAGGCCCTTGTTAC","Intergenic",0.867915511,-0.07716
"IntDel000661","II_Ctrl","chr4:16925241-16925261_+","ATGTTCATTTGCTCCCTGAC","Intergenic",0,"chr4:16924989-16925012_+","CTCCCTACAATCTACAGTCTAAA","Intergenic",0.895643592,-0.0785
"IntDel000750","II_Ctrl","chr3:147547747-147547767_+","GATATTGGGATTGAAACAAC","Intergenic",0,"chr3:147547436-147547459_+","GAGAGAAATTCTACTTCAGCATG","Intergenic",0.880815566,-0.08633
"IntDel000777","II_Ctrl","chr3:26492657-26492677_-","CAGACAGGCTGTAAGATGTA","Intergenic",0,"chr3:26493080-26493103_-","AAGCATATACACAACAATATTAT","Intergenic",0.877575457,-0.1025
"IntDel000581","II_Ctrl","chr10:23181277-23181297_-","CCTGAAGGTTGCTTACATCG","Intergenic",0,"chr10:23181492-23181515_-","GCATAGGCAATCCAAAGTTTATA","Intergenic",0.917427778,-0.1128
"IntDel000790","II_Ctrl","chrX:122931140-122931160_-","CAGGATTGGTTATTAGTTGG","Intergenic",0,"chrX:122930856-122930879_-","CGGCATACAAGATGGTGTGAACT","Intergenic",0.876171947,-0.1144
"IntDel000786","II_Ctrl","chr14:86699831-86699851_+","TGTCAGTTATGCTCAACATC","Intergenic",0,"chr14:86699459-86699482_+","CAGCAGGCATTGTTGGTGACTAT","Intergenic",0.876410782,-0.1154
"IntDel001021","II_Ctrl","chr9:113294220-113294240_-","CTAAGTGTTCTGTGAAACGG","Intergenic",0,"chr9:113293904-113293927_-","CACATACTACAAAGAAGAAAAAA","Intergenic",0.849306941,-0.1165
"IntDel000690","II_Ctrl","chr12:51186273-51186293_+","ATGGAGGGCTGACTAGATTA","Intergenic",0,"chr12:51185755-51185778_+","CACATAACCTCCTGTGCACATCC","Intergenic",0.890010953,-0.1198
"IntDel000527","II_Ctrl","chr5:40077397-40077417_+","TAGCACTTCATTCCTGACAA","Intergenic",0,"chr5:40077008-40077031_+","GTGGATATCACAGTGGAAATACA","Intergenic",0.933989942,-0.1205
"IntDel000708","II_Ctrl","chr11:56436446-56436466_-","ATCTAGAATCCTGCTGTATA","Intergenic",0,"chr11:56435876-56435899_-","ACTCACAGAACTGCTGTAAGAAT","Intergenic",0.887479961,-0.147
"IntDel000977","II_Ctrl","chr1:238346283-238346303_-","GAGTTCAGCATTGCTTCCAG","Intergenic",0,"chr1:238346832-238346855_-","AGTCTATGACTTACACATAGACT","Intergenic",0.853750467,-0.154
"IntDel000651","II_Ctrl","chr6:65951889-65951909_+","AGATTGAACAGTATAGGGTC","Intergenic",0,"chr6:65951344-65951367_+","ACACATTGCATGTTGTGTGTATG","Intergenic",0.898202419,-0.1559
"IntDel000564","II_Ctrl","chr8:130526545-130526565_+","CTTTGATTAGAGGTATGCTA","Intergenic",0,"chr8:130527214-130527237_+","ATGAGAGGTTCCAACATCGAGAA","Intergenic",0.922329307,-0.1706
"IntDel001041","II_Ctrl","chr13:82481720-82481740_+","CTATCCTTCATTAAATGCCA","Intergenic",0,"chr13:82482423-82482446_+","CTAGGGAGTAATGAGGGCTCAAC","Intergenic",0.846511126,-0.1718
"IntDel000666","II_Ctrl","chr8:40352906-40352926_+","ATTCCCTTTGCCATATATTC","Intergenic",0,"chr8:40352690-40352713_+","CTACCCAGTCTGACACTACCTAC","Intergenic",0.894805551,-0.1724
"IntDel001031","II_Ctrl","chr2:121312387-121312407_-","ACAATGTAGGGATTTCAGTG","Intergenic",0,"chr2:121312964-121312987_-","AAGTACTGCCCTTCCCCTATTAA","Intergenic",0.847448587,-0.1823
"IntDel000555","II_Ctrl","chr5:105953540-105953560_+","AGGTATTACCTTAAGGCATA","Intergenic",0,"chr5:105953856-105953879_+","CCACAAGTAACCCTGCTTGGTCA","Intergenic",0.92462647,-0.1839
"IntDel000933","II_Ctrl","chr10:107385925-107385945_-","GAAGCCAGTGCTTGCTGTCA","Intergenic",0,"chr10:107386173-107386196_-","CAGTAAAATATACTTCCCTACAT","Intergenic",0.859774113,-0.1883
"IntDel000744","II_Ctrl","chrX:27410756-27410776_-","GATGTATAGGATAGTGTTCA","Intergenic",0,"chrX:27410541-27410564_-","GGATTGCCATAGCTTAGTATGTG","Intergenic",0.882782876,-0.1944
"IntDel000625","II_Ctrl","chr7:113157721-113157741_+","GAACATTCTTATCTGAGAGC","Intergenic",0,"chr7:113157941-113157964_+","AGAACAGGTGACCCATGGCATGT","Intergenic",0.904498041,-0.2064
"IntDel001024","II_Ctrl","chr5:15468827-15468847_+","ATAGTCTGTAGCCTGGCTGC","Intergenic",0,"chr5:15469135-15469158_+","GAAACTGAACATTACACAGATTT","Intergenic",0.848986685,-0.21
"IntDel001086","II_Ctrl","chr21:24772567-24772587_+","CGAAACAGATTGCAGAGATG","Intergenic",0,"chr21:24772801-24772824_+","TTACAGAAGCATTAGGAATCTAC","Intergenic",0.841205299,-0.2109
"IntDel000277","II_Ctrl","chr1:227884703-227884723_+","CTGGGCCCGCGCATGGAATC","Intergenic",89,"chr1:194085152-194085175_-","AGCGGGATAAGAAAGGAAGTAGG","Intergenic",0,-0.2176
"IntDel001057","II_Ctrl","chr6:170500736-170500756_-","CTCTGTTCTGATCTAGTAGA","Intergenic",0,"chr6:170500943-170500966_-","TTCCCCTAATGGCTACAGGACAT","Intergenic",0.844916046,-0.2222
"IntDel000530","II_Ctrl","chr10:105919583-105919603_+","TACGACTCAAGTATTCAAAC","Intergenic",0,"chr10:105919211-105919234_+","ATAACAGACACCTGTGCAGTCTA","Intergenic",0.932878315,-0.2225
"IntDel000474","II_Ctrl","chr6:112685237-112685257_+","GTATGATATGTGTAGACACA","Intergenic",62,"chr6:141848679-141848702_-","TCACTGAGGAGGAGGGCACTGCT","Intergenic",0,-0.237
"IntDel000845","II_Ctrl","chr3:37368400-37368420_+","GCAGCAAACTAGAGCCACAA","Intergenic",0,"chr3:37368599-37368622_+","CATCCTAGTTCTTCCCATGAAGT","Intergenic",0.870186567,-0.2404
"IntDel000968","II_Ctrl","chr14:84782598-84782618_-","ATCCCTAAGATGTAATGGTG","Intergenic",0,"chr14:84782802-84782825_-","ATGAATGATTCCAATACCACACT","Intergenic",0.855006933,-0.2601
"IntDel001044","II_Ctrl","chr1:185731723-185731743_+","AAGAAAGTCTCTTAGTGAGA","Intergenic",0,"chr1:185731486-185731509_+","TATAGAACAAGTAAGTACAAAGA","Intergenic",0.846004546,-0.2615
"IntDel000596","II_Ctrl","chr2:147042732-147042752_-","AGTACAATAGTTAGATCACG","Intergenic",0,"chr2:147042360-147042383_-","TACGACAGTCCTTAGTCAGATGT","Intergenic",0.912622631,-0.2632
"IntDel000672","II_Ctrl","chr6:55963764-55963784_+","CTCTTCTAAACTTTGCCAAA","Intergenic",0,"chr6:55963432-55963455_+","GCAAAAAGGCCATCACAAACGTA","Intergenic",0.893509448,-0.2752
"IntDel000592","II_Ctrl","chr5:28032291-28032311_+","CTTTGCTTAGGATAAATGTG","Intergenic",0,"chr5:28031876-28031899_+","TGGTATAAACTCTTGACAAATTG","Intergenic",0.913946748,-0.2886
"IntDel000742","II_Ctrl","chr3:96632874-96632894_+","CTATCCAGAGTAGATCATTA","Intergenic",0,"chr3:96633158-96633181_+","AAACCCAGTCCCCAATGTGATGA","Intergenic",0.883307397,-0.297
"IntDel000962","II_Ctrl","chr14:21126951-21126971_+","GATGCATTAGCTGTTTGTGG","Intergenic",0,"chr14:21127353-21127376_+","ACACTGCTGATAAGATACCCAAA","Intergenic",0.855917871,-0.3239
"IntDel001012","II_Ctrl","chr7:24147995-24148015_+","CACTGCAATGAGTTTGACAA","Intergenic",0,"chr7:24148774-24148797_+","TACCTTCTATAGTTATGTAATTA","Intergenic",0.850376844,-0.3334
"IntDel000386","II_Ctrl","chr2:157058559-157058579_+","CCTAGTGCTAAGACGTGAAA","Intergenic",93,"chr2:125065875-125065898_+","AATGTTGATGAAGGTTGCCAAAA","Intergenic",0,-0.3361
"IntDel000953","II_Ctrl","chr20:5360004-5360024_-","CAACTGTGATACTCTTACCA","Intergenic",0,"chr20:5360209-5360232_-","CTATATACCTCCTAACATTTAAC","Intergenic",0.856633723,-0.3381
"IntDel000554","II_Ctrl","chr4:43807565-43807585_-","AGTCAGGTCTCAAAGTGCTA","Intergenic",0,"chr4:43807855-43807878_-","GCCGATCCACATAGCTGAACTAA","Intergenic",0.924879491,-0.3459
"IntDel000548","II_Ctrl","chrX:153606288-153606308_-","TCGCCTTGTCACTTTCTCGA","Intergenic",0,"chrX:153605872-153605895_-","TGCTAGTACCACACAGACTTGAG","Intergenic",0.926610768,-0.3512
"IntDel001098","II_Ctrl","chr13:89469182-89469202_-","CTTTACAGGACTATATTACC","Intergenic",0,"chr13:89469801-89469824_-","TGATAACATAGTATGCTTATCCT","Intergenic",0.839783907,-0.3712
"IntDel000589","II_Ctrl","chr6:38653652-38653672_-","CCCGACATGTTTCTGTGGTC","Intergenic",0,"chr6:38653436-38653459_-","TAGCCATAACTAACTGGTACACT","Intergenic",0.915923893,-0.3774
"IntDel000684","II_Ctrl","chr9:84423278-84423298_+","CCTCACCAAGCTACACATTA","Intergenic",0,"chr9:84423031-84423054_+","TAGGACAGGCCAGTAGGTCAGAA","Intergenic",0.891372085,-0.388
"IntDel000688","II_Ctrl","chr6:123732062-123732082_+","AGCCTAGCAGATATTTGGTA","Intergenic",0,"chr6:123732561-123732584_+","GTCTATAAAATCAATACACCAAA","Intergenic",0.890595019,-0.3908
"IntDel000911","II_Ctrl","chr13:104674713-104674733_-","CTGTGTTTGATCCCTGAAGC","Intergenic",0,"chr13:104673786-104673809_-","AAGTATGAAGTCTACCACAGATC","Intergenic",0.862620533,-0.4
"IntDel000856","II_Ctrl","chr18:67139639-67139659_-","GTATGCATAAATGTCTCAAG","Intergenic",0,"chr18:67139293-67139316_-","CTGTACTTACATATGTATAAATA","Intergenic",0.868923545,-0.402
"IntDel001062","II_Ctrl","chr16:61135850-61135870_+","TTAGCGAGCTGAGCTTAAAG","Intergenic",0,"chr16:61135543-61135566_+","TACAAAGAATTGCATAAGAATGA","Intergenic",0.844410241,-0.4102
"IntDel000752","II_Ctrl","chr3:94536526-94536546_+","GTGTCTATAGGCACATGCCC","Intergenic",0,"chr3:94535911-94535934_+","CATCAGGCCCCAACACTGTAATA","Intergenic",0.880300701,-0.4108
"IntDel000792","II_Ctrl","chr4:82605132-82605152_-","GTGGCTGGATCTGTTTGTAA","Intergenic",0,"chr4:82604839-82604862_-","GGTAGCCAGATATCCAAATGTTT","Intergenic",0.875626266,-0.4154
"IntDel000524","II_Ctrl","chr6:103882896-103882916_+","TATACTTTCCTTGAGCATTC","Intergenic",0,"chr6:103882327-103882350_+","ATGCAAGGACCTAGCTCAGGAAG","Intergenic",0.935614347,-0.4226
"IntDel000540","II_Ctrl","chr6:49784965-49784985_+","GGGACATAAGACATTATAGC","Intergenic",0,"chr6:49785318-49785341_+","TAGCTGGCATTTGTGTGTAATCT","Intergenic",0.929954052,-0.4261
"IntDel000595","II_Ctrl","chr8:8580922-8580942_-","CAGATGTGGAGATCAAGTGA","Intergenic",0,"chr8:8580658-8580681_-","TACCAGCATGAATACAGATTGAA","Intergenic",0.912771285,-0.4334
"IntDel001045","II_Ctrl","chr9:103351821-103351841_-","TGTCACCTTCACCAGGGTGC","Intergenic",0,"chr9:103351495-103351518_-","ATATGTCCAGTTCAATGGCTTTA","Intergenic",0.845992625,-0.4457
"IntDel000669","II_Ctrl","chr8:57385723-57385743_-","AGCAAGCCTCAATTTCACTC","Intergenic",0,"chr8:57386298-57386321_-","TCACATGCAGTTTCTACATTTAT","Intergenic",0.894031763,-0.4501
"IntDel000561","II_Ctrl","chrX:98542123-98542143_-","AGCTAACCCTAGAGCAACTA","Intergenic",0,"chrX:98542414-98542437_-","ATGCATACAGGCCCACATAAAAA","Intergenic",0.923042476,-0.478
"IntDel000818","II_Ctrl","chr6:85331193-85331213_-","ACCATGAGAAGTACCTTTGC","Intergenic",0,"chr6:85330644-85330667_-","TATGCCACCTAGGATGTAGTACT","Intergenic",0.873020053,-0.4797
"IntDel001097","II_Ctrl","chrX:123157182-123157202_-","GAGGATTCACATAATGCAAG","Intergenic",0,"chrX:123156919-123156942_-","AATAGACTGCTTTATAGAGATTG","Intergenic",0.839811444,-0.4836
"IntDel001082","II_Ctrl","chr3:127884958-127884978_+","GGCACAGGCTAGCGTTGCCA","Intergenic",0,"chr3:127885423-127885446_+","TCATATGTCCCTAAGGCTCTTTC","Intergenic",0.841563761,-0.5066
"IntDel000868","II_Ctrl","chr4:115637338-115637358_-","GCAATATTACAAGTACGGTG","Intergenic",0,"chr4:115636804-115636827_-","ATATGGTTCAACACTAAAACAGT","Intergenic",0.867778003,-0.5101
"IntDel000877","II_Ctrl","chr8:131376027-131376047_+","GGTGGACAGTAGCTTATACA","Intergenic",0,"chr8:131376385-131376408_+","TTGCCCAGCTCTGCCAAAGGAAG","Intergenic",0.866606772,-0.5152
"IntDel000594","II_Ctrl","chr8:26710452-26710472_+","AGAATGCCGCTAGAGTCTGA","Intergenic",0,"chr8:26710680-26710703_+","TGGCCTAGCCAAGTTGACCATAA","Intergenic",0.912976682,-0.5294
"IntDel000729","II_Ctrl","chr6:78701344-78701364_+","TTTCCTGGGTTCAAGGCACA","Intergenic",0,"chr6:78702021-78702044_+","ATTCCATTACTCTGTGAGACTAG","Intergenic",0.884971559,-0.54
"IntDel000880","II_Ctrl","chr16:17647547-17647567_+","TCTTACATACTGGGTTCTAC","Intergenic",0,"chr16:17647225-17647248_+","TAGAGACCCCTGGGGCCATAAAA","Intergenic",0.866231203,-0.5493
"IntDel000640","II_Ctrl","chr2:139737312-139737332_-","TTGACCTTCTCTTTCTGGTC","Intergenic",0,"chr2:139736777-139736800_-","GACTACTGAGACATCTTGGAAAA","Intergenic",0.900606692,-0.5571
"IntDel001091","II_Ctrl","chr9:12456966-12456986_-","TAGCACTTGCTTCTCCTGGG","Intergenic",0,"chr9:12457400-12457423_-","ATATGAGAAAACTAAGGATCACA","Intergenic",0.840811551,-0.5606
"IntDel000971","II_Ctrl","chr11:79525440-79525460_+","TCATAGCCTCCCAACTGTTC","Intergenic",0,"chr11:79524969-79524992_+","GGCTCATGATAACTATGGTTAAA","Intergenic",0.854788065,-0.5627
"IntDel001053","II_Ctrl","chr8:110752660-110752680_+","CAATGCAAGACAACCTAAGA","Intergenic",0,"chr8:110752220-110752243_+","GATATCACTTATGATGACTGATT","Intergenic",0.845207989,-0.5658
"IntDel000513","II_Ctrl","chr3:154922442-154922462_-","TGAGTGTTAGCCAGATTTGA","Intergenic",0,"chr3:154922768-154922791_-","TTATATGTATACCACAGCATATA","Intergenic",0.944699228,-0.5669
"IntDel000909","II_Ctrl","chrX:93603508-93603528_+","AGACCCATGCATGCATGGAA","Intergenic",0,"chrX:93603302-93603325_+","ATGCAACTCTATTCAAAACCCTA","Intergenic",0.86271131,-0.571
"IntDel000577","II_Ctrl","chr17:39903848-39903868_-","GGATTGATATTTGCAAATCC","Intergenic",0,"chr17:39904559-39904582_-","AAGCCTCACTAAATGACAGTAAA","Intergenic",0.918150425,-0.5882
"IntDel000154","II_Ctrl","chr17:44969513-44969533_-","GGCCGGATAAAGGAGGGCGA","Intergenic",78,"chr17:70002935-70002958_+","TAAGAAAACTGAGGAGAAGTTGA","Intergenic",0,-0.5932
"IntDel000714","II_Ctrl","chr4:179643904-179643924_-","GCTAGATATGACAGAATATC","Intergenic",0,"chr4:179644157-179644180_-","AAGAGTCTAGAACACAGAGAATA","Intergenic",0.886429608,-0.5948
"IntDel000758","II_Ctrl","chr6:105772766-105772786_+","TTCCTTAGCAGACCACATGG","Intergenic",0,"chr6:105772563-105772586_+","GTAGAGTCAAGTATTGGATGTAG","Intergenic",0.879599273,-0.5957
"IntDel000992","II_Ctrl","chr2:155305311-155305331_-","ATGCCCTGATATCCAGGATC","Intergenic",0,"chr2:155306072-155306095_-","TAAACAAGTAAGTGGATACTAAA","Intergenic",0.85202378,-0.5975
"IntDel000734","II_Ctrl","chr10:116053719-116053739_+","AGCTCTCCTGCTCCGAATCC","Intergenic",0,"chr10:116053477-116053500_+","ATGTCTGGAATGAGGGACTGAAA","Intergenic",0.884257138,-0.6085
"IntDel000952","II_Ctrl","chr13:27418196-27418216_+","TTCTAAGCTTGCATGATCGC","Intergenic",0,"chr13:27417974-27417997_+","TGGCATGAAAAGCCTGGACTCTG","Intergenic",0.856702685,-0.611
"IntDel000980","II_Ctrl","chr7:149545239-149545259_-","CTGGAAATGACAAAGATGCG","Intergenic",0,"chr7:149544992-149545015_-","CACACACCTGTAACAGAAATGAA","Intergenic",0.853366494,-0.6222
"IntDel000700","II_Ctrl","chr13:97076160-97076180_+","ATCACCTGATACTCCACCTG","Intergenic",0,"chr13:97076384-97076407_+","TCACTCTGAGCTATGGAGAATTT","Intergenic",0.888264358,-0.6256
"IntDel000738","II_Ctrl","chr10:23498080-23498100_-","ATGTGCAAGGTTGACTTTGG","Intergenic",0,"chr10:23497583-23497606_-","TACTAATCCTCAGGGAGAATTTC","Intergenic",0.883765459,-0.6302
"IntDel000854","II_Ctrl","chr15:55789452-55789472_-","GATCATGTCCGAACATCCTG","Intergenic",0,"chr15:55790026-55790049_-","TCCTATATAATAAAACAGCATGT","Intergenic",0.869143307,-0.6577
"IntDel001067","II_Ctrl","chr12:47514617-47514637_+","CCTGTTACATTCTGCAAGCA","Intergenic",0,"chr12:47513882-47513905_+","CATAAAGTAACAACGAGCTGAAT","Intergenic",0.843865573,-0.6662
"IntDel000571","II_Ctrl","chrX:126392981-126393001_-","CCTATGTTTATGGAAGGAGA","Intergenic",0,"chrX:126393314-126393337_-","TGCCTGCTAAAATTGAGGAACAG","Intergenic",0.920242965,-0.6844
"IntDel000707","II_Ctrl","chr12:123381898-123381918_+","ACTTTCCCTTCGGATCCTTG","Intergenic",0,"chr12:123381087-123381110_+","GGCTAGGGGTGGTGGGCTCATGC","Intergenic",0.887551308,-0.6937
"IntDel000654","II_Ctrl","chr1:157607942-157607962_+","GCACGTCAACATCCCATTTA","Intergenic",0,"chr1:157608272-157608295_+","TGATAGATCAATGGTTCAATGAA","Intergenic",0.896683991,-0.7078
"IntDel000593","II_Ctrl","chr14:41075248-41075268_+","CTGTAGTTCAAGGACATGGA","Intergenic",0,"chr14:41075555-41075578_+","GACCAAAAACTATATACTCAAAC","Intergenic",0.913658559,-0.7416
"IntDel000726","II_Ctrl","chr7:54680912-54680932_+","TTACTATGGAAGAAGCTTGG","Intergenic",0,"chr7:54681205-54681228_+","TAGCAAACCCACCCTAGAGAGCT","Intergenic",0.885099292,-0.7533
"IntDel000853","II_Ctrl","chr6:8257368-8257388_-","AGGCAGATCCTGAACATTTC","Intergenic",0,"chr6:8257031-8257054_-","TCCTGGAGCACAAGCTTGAGATG","Intergenic",0.869310915,-0.7629
"IntDel000681","II_Ctrl","chr6:91820375-91820395_+","TGTCAATTGCCAAACTGGTG","Intergenic",0,"chr6:91820008-91820031_+","AGTAATGTAACAATGGAAACAAA","Intergenic",0.891967118,-0.7641
"IntDel000607","II_Ctrl","chr4:55717020-55717040_+","CATCCCTCACTTGACATACA","Intergenic",0,"chr4:55716658-55716681_+","TGTATCACAAACACTCACACAGA","Intergenic",0.910655022,-0.8698
"IntDel000809","II_Ctrl","chr12:58829882-58829902_-","CTTGCATGTTCTGATCTTAG","Intergenic",0,"chr12:58829483-58829506_-","CATATATGAACATAAGGGATATA","Intergenic",0.874019444,-0.8869
"IntDel000814","II_Ctrl","chr8:55678368-55678388_-","GCATGTGATGAGTACTTCAC","Intergenic",0,"chr8:55678612-55678635_-","GCCACCACCACATCATTTAATTA","Intergenic",0.873517156,-0.8899
"IntDel001037","II_Ctrl","chr3:36963651-36963671_-","GATGGTTGTCAATGGCGGAG","Intergenic",0,"chr3:36964567-36964590_-","TCCAAAGATATCCAGATGACTAA","Intergenic",0.846655726,-0.8905
"IntDel000562","II_Ctrl","chr18:68033160-68033180_+","TGTTGCACAACACTGTTCTG","Intergenic",0,"chr18:68032384-68032407_+","TACATAAAATATACTTGTCATTA","Intergenic",0.92286098,-0.9081
"IntDel001029","II_Ctrl","chr4:35550311-35550331_+","CCCTTATGGAAGTTCACAAC","Intergenic",0,"chr4:35550581-35550604_+","GTAGTAAATGCTGTGCAGTGGAT","Intergenic",0.848004997,-0.9236
"IntDel000772","II_Ctrl","chr19:11713086-11713106_+","GACTACCGTAATAATAAGTG","Intergenic",0,"chr19:11713776-11713799_+","CATGATAAACACTTGAGTAAACA","Intergenic",0.877971351,-0.9259
"IntDel000510","II_Ctrl","chr18:65686207-65686227_+","CCTGTTGCCAGTAATAAACC","Intergenic",0,"chr18:65686682-65686705_+","GATAGGGATATTTGATGCACCTA","Intergenic",0.946262836,-0.9458
"IntDel000616","II_Ctrl","chr11:6670563-6670583_+","CTAGTTTGTGGGTACAGATA","Intergenic",0,"chr11:6669899-6669922_+","GGATGGAAAACCAATGTTGCATT","Intergenic",0.907656908,-0.9583
"IntDel000519","II_Ctrl","chr8:115204346-115204366_-","TGTGGTTCCATTATGCTTAA","Intergenic",0,"chr8:115204947-115204970_-","GCAAGGGCAAATAGCAGTATTAA","Intergenic",0.938152075,-0.976
"IntDel000958","II_Ctrl","chr4:74516435-74516455_-","TAATGTTACATCAGAGCTAC","Intergenic",0,"chr4:74515662-74515685_-","CATACAAACATTATTGATATAGT","Intergenic",0.856166244,-0.9876
"IntDel000686","II_Ctrl","chr4:160987971-160987991_+","TAGCATTGCCTTAGACCAAG","Intergenic",0,"chr4:160987768-160987791_+","ATGTGATACAATTCATCTACTTG","Intergenic",0.890777528,-1.036
"IntDel000578","II_Ctrl","chr13:29648626-29648646_+","ACTCACAGAGTCTTCAGTTC","Intergenic",0,"chr13:29647891-29647914_+","TATACACTATCCATGAAAAATCA","Intergenic",0.917623222,-1.056
"IntDel000715","II_Ctrl","chr14:42290491-42290511_-","GTGAACTGACATTTGCATCA","Intergenic",0,"chr14:42290222-42290245_-","AGCAGAAACCTTGCCTGCCAGAC","Intergenic",0.886276424,-1.057
"IntDel001008","II_Ctrl","chrX:19910857-19910877_+","GACGTGCTTAATCTTAAGCA","Intergenic",0,"chrX:19911305-19911328_+","GGATGAGAATTTACATTAGAAAA","Intergenic",0.850595891,-1.149
"IntDel000965","II_Ctrl","chr20:22313928-22313948_-","GACAGCCCTAGACAAGGACA","Intergenic",0,"chr20:22313708-22313731_-","GCATGGATAGAATGCTATTGTTT","Intergenic",0.855627239,-1.156
"IntDel001009","II_Ctrl","chr13:114313895-114313915_+","ACTGATGGCATCAGCATTAG","Intergenic",0,"chr13:114313382-114313405_+","AAGATGAAAGAGGTACAGAGATG","Intergenic",0.850572824,-1.174
"IntDel000511","II_Ctrl","chr5:24242119-24242139_+","ACGCCATCTGCATACCCGAA","Intergenic",0,"chr5:24241831-24241854_+","GACAGTCCCTCTCACACACCTTC","Intergenic",0.945136249,-1.222
"IntDel000710","II_Ctrl","chr5:27290586-27290606_-","GCCCTGCTTATAGAATATTC","Intergenic",0,"chr5:27290181-27290204_-","GAATAACCTATACAGTTAAATAT","Intergenic",0.887294471,-1.278
"IntDel001043","II_Ctrl","chr10:70027369-70027389_-","CACTGGTATAGAAATGCTTC","Intergenic",0,"chr10:70027642-70027665_-","TTATATAACTAATACTGTAACTG","Intergenic",0.846315205,-1.364
"IntDel000850","II_Ctrl","chr16:9289266-9289286_-","GTAGATATCCTGACTTATAC","Intergenic",0,"chr16:9289791-9289814_-","GGCTGAGTGTCATGGTTTAGGAA","Intergenic",0.869462311,-1.369
"IntDel001094","II_Ctrl","chr3:146359702-146359722_-","TGCCATGAAGCCACTTATGA","Intergenic",0,"chr3:146360422-146360445_-","ACACAGGATTACAAGTTGACCTC","Intergenic",0.840491593,-1.415
"IntDel000521","II_Ctrl","chr1:199841495-199841515_-","ACTAGAGGCACAACCACGCG","Intergenic",0,"chr1:199841215-199841238_-","ACAATACAAGATCTGTACATGTT","Intergenic",0.937975943,-1.417
"IntDel000520","II_Ctrl","chr6:93840872-93840892_-","CTGACTGTTAAACTGAGCAA","Intergenic",0,"chr6:93840664-93840687_-","TATGCATATATACGCACACTACA","Intergenic",0.938049316,-1.434
"IntDel000698","II_Ctrl","chr13:37525721-37525741_-","TACTTCCCTAATGCAAGGAC","Intergenic",0,"chr13:37525439-37525462_-","GTGTATACTCTTCTTAACACTAG","Intergenic",0.888713181,-1.46
"IntDel000420","II_Ctrl","chr12:131528236-131528256_+","CCCTGCAAACTACTTAGCCC","Intergenic",80,"chr12:64171228-64171251_+","GATTAATACAGACACCAAATTAT","Intergenic",0,-1.508
"IntDel000812","II_Ctrl","chrX:127515607-127515627_+","TAGCCACATAACTTGATAAC","Intergenic",0,"chrX:127516002-127516025_+","GCATTAGATATATCTCCAATATT","Intergenic",0.873800695,-1.529
"IntDel001074","II_Ctrl","chr11:62898925-62898945_+","ATTGCCATGTAGTGGGTGGC","Intergenic",0,"chr11:62899324-62899347_+","TAGAAGGTATAAATACCTGTGAG","Intergenic",0.842838466,-1.572
"IntDel001073","II_Ctrl","chr9:122366031-122366051_-","CACAACCCTCGTCTGGCATG","Intergenic",0,"chr9:122365733-122365756_-","GCGTAAGGCAGACCTGGGTTCAG","Intergenic",0.842980266,-1.588
"IntDel000552","II_Ctrl","chr21:23192308-23192328_+","GTTACCAACATTAGGTGCCA","Intergenic",0,"chr21:23191574-23191597_+","CATACACTCTCTAACATGAAAAA","Intergenic",0.9257918,-1.603
"IntDel000757","II_Ctrl","chr12:86989547-86989567_+","CACTCATGACTCTTCGACAG","Intergenic",0,"chr12:86989789-86989812_+","AGTGAGGATATCATGTAACTAAG","Intergenic",0.879798532,-1.613
"IntDel000613","II_Ctrl","chr14:92244938-92244958_-","AAGAGGCTGCTCCACAATAC","Intergenic",0,"chr14:92245149-92245172_-","AGGAGAGGAATCCAAGAGTACTA","Intergenic",0.908002973,-1.647
"IntDel000712","II_Ctrl","chr7:112534014-112534034_+","ACCAGTCTCATTAGATATAG","Intergenic",0,"chr7:112533443-112533466_+","ACTCAGCACACATTTGGCATAAT","Intergenic",0.887008607,-1.711
"IntDel000509","II_Ctrl","chr3:87054777-87054797_-","AGAATACTATAGTCAGACAC","Intergenic",0,"chr3:87055016-87055039_-","GCTAGAGAGAATAGGAGACATGG","Intergenic",0.948204279,-1.723
"IntDel000587","II_Ctrl","chr8:121779434-121779454_+","TCAACTGTACGCTATCTCTA","Intergenic",0,"chr8:121779162-121779185_+","GCATATAACAAAATATACAATTT","Intergenic",0.916365743,-1.726
"IntDel000741","II_Ctrl","chr5:105793908-105793928_-","TATGTCATTTATCCAGTCAC","Intergenic",0,"chr5:105793686-105793709_-","GGAGGCAGTGATGGGAGGAGTGT","Intergenic",0.883366585,-1.748
"IntDel001078","II_Ctrl","chrX:86884611-86884631_+","AGGGCTTGTAAGTTAGTTTG","Intergenic",0,"chrX:86885082-86885105_+","TAGTTATACACACTGGAGTACTT","Intergenic",0.842057168,-1.857
"IntDel000317","II_Ctrl","chr6:27886143-27886163_-","GGAGAAACACTCTCATGTGG","Intergenic",79,"chr6:53419295-53419318_+","AGCCTCACTTACAGATGGCCAAG","Intergenic",0,-1.88
"IntDel000618","II_Ctrl","chr3:104109647-104109667_-","TTATTGTGTCAGTGTCACCA","Intergenic",0,"chr3:104109903-104109926_-","TGCCACCACTGCACAAGAGAAAA","Intergenic",0.906861424,-2.012
"IntDel000512","II_Ctrl","chr10:62943153-62943173_+","CTGAACCATGTCAGGAAGCC","Intergenic",0,"chr10:62942823-62942846_+","GATACAAATATAGTCTATACAAA","Intergenic",0.944819868,-2.025
"IntDel000848","II_Ctrl","chr7:110163062-110163082_+","CAGAATGTTGATATCTTCCC","Intergenic",0,"chr7:110163348-110163371_+","TCCAATATAGCATTGATAGTATT","Intergenic",0.870017409,-2.203
"IntDel000489","II_Ctrl","chr9:1893077-1893097_+","CCTTGCTCAAGTCTTTCAAG","Intergenic",74,"chr9:78913349-78913372_-","ACTACACTTACTCCTAAGGTTAA","Intergenic",0,-2.266
"IntDel001076","II_Ctrl","chr2:57301607-57301627_-","TAACCAAAGATAATCACTCC","Intergenic",0,"chr2:57301404-57301427_-","ATGAGTGCTACAGAAAGTTTCTA","Intergenic",0.842570126,-2.298
"IntDel000788","II_Ctrl","chrX:28415397-28415417_+","GAGAATCAGTCATGCTGAAG","Intergenic",0,"chrX:28415880-28415903_+","ATCCAAGAGGAAAGCACAAAAAG","Intergenic",0.876391947,-2.33
"IntDel001026","II_Ctrl","chr6:84567638-84567658_-","TCAACAGCCACCGATGTGCA","Intergenic",0,"chr6:84567251-84567274_-","GAGATGACAATAACCTAGAATAT","Intergenic",0.848757029,-2.372
"IntDel000747","II_Ctrl","chr9:24864910-24864930_-","TTCATGGTCACCATATACCA","Intergenic",0,"chr9:24864699-24864722_-","TGACAGTAATAGATACTATAAAT","Intergenic",0.88158679,-2.607
"IntDel000767","II_Ctrl","chr11:30697197-30697217_-","GGACAACTCATCGAAATGAG","Intergenic",0,"chr11:30697838-30697861_-","GGTATGTGATGGATACATGAAAC","Intergenic",0.878893435,-3.095
"IntDel000893","II_Ctrl","chr1:167610257-167610277_+","GGGCAAAGAGCTGACTAAAC","Intergenic",0,"chr1:167609983-167610006_+","GTAGGAAGACCAGCCTAGTACCA","Intergenic",0.864791155,-3.143
"IntDel000830","II_Ctrl","chr5:86309360-86309380_-","AGGAATAACACACATAGACC","Intergenic",0,"chr5:86308614-86308637_-","TTAGGGATATAGATGCAACTATA","Intergenic",0.872004092,-3.913
"IntDel000964","II_Ctrl","chrY:7825071-7825091_+","ATCAAACTGTGTACCACCCA","Intergenic",0,"chrY:7824800-7824823_+","AAGCCAGATAGGACGGTCAACAT","Intergenic",0.855751276,-4.153
"IntDel000514","II_Ctrl","chr17:69335317-69335337_+","ACCTAAGATGTAAGTGATCC","Intergenic",0,"chr17:69335516-69335539_+","TAACATCCTAACCTGGAAAATTG","Intergenic",0.942371964,-5.308
"IntDel000107","II_Ctrl","chr5:85756935-85756955_+","TACCCTAGAGGAATATTCCA","Intergenic",79,"chr5:29876606-29876629_-","AATGGAAAACTTTCAGAATACAA","Intergenic",0,NA
"IntDel000406","II_Ctrl","chr1:80236599-80236619_+","ACTCTCTCTTGCTAGCTTTC","Intergenic",57,"chr1:50400194-50400217_+","AAATGAGTATATAGCTCTTGGTA","Intergenic",0,NA
"IntDel000543","II_Ctrl","chr5:32903170-32903190_+","GAAGGACACAGTAAATAGTA","Intergenic",0,"chr5:32903785-32903808_+","TTGGGTATACCTAGGAGGAGAAA","Intergenic",0.928959072,NA
"IntDel000580","II_Ctrl","chr8:92183562-92183582_+","GACTGATTTGACCAGTTAAC","Intergenic",0,"chr8:92183270-92183293_+","AGATAGAGTGACACAGGTACATA","Intergenic",0.917463362,NA
"IntDel000599","II_Ctrl","chr17:15140070-15140090_-","AAGTGAGCAATAGGTAAGTG","Intergenic",0,"chr17:15140422-15140445_-","ATATAAAGACAATAGGAAGACAT","Intergenic",0.912143886,NA
"IntDel000604","II_Ctrl","chr17:31907513-31907533_+","GAGAAGTGATAGACGCAGAC","Intergenic",0,"chr17:31908121-31908144_+","GGTATAACAACCTACTATTAAAA","Intergenic",0.911437869,NA
"IntDel000664","II_Ctrl","chr4:128245829-128245849_+","GTGATGCTACCTTTCCAAGC","Intergenic",0,"chr4:128246129-128246152_+","GTTACTAAAATCCTACAGAAAAA","Intergenic",0.895303786,NA
"IntDel000716","II_Ctrl","chr2:154632078-154632098_-","ACTGATGGTCCTTGTGTAGA","Intergenic",0,"chr2:154631787-154631810_-","ATATAAAAAAATTAGCAGAAGAA","Intergenic",0.886273623,NA
"IntDel000724","II_Ctrl","chr2:75897006-75897026_-","TTAGCGTCCTGTTTCCTACC","Intergenic",0,"chr2:75896775-75896798_-","GCCTATACAATAAAATGGTAATA","Intergenic",0.885200679,NA
"IntDel000753","II_Ctrl","chr5:99003108-99003128_+","CATGTGTGTACTTTGCCAAA","Intergenic",0,"chr5:99002892-99002915_+","GGATGAGACCAATTAGAAATAAA","Intergenic",0.880212009,NA
"IntDel000776","II_Ctrl","chr4:62909565-62909585_+","CCAGGTGTACATAGATATTG","Intergenic",0,"chr4:62910357-62910380_+","TGTCTCACTACTGATACACTCAA","Intergenic",0.877649665,NA
"IntDel000795","II_Ctrl","chr3:96511241-96511261_+","TAGTAACCTAGCCAAACCTG","Intergenic",0,"chr3:96510650-96510673_+","ACAGCAGCATGAGGGCAGAGTAA","Intergenic",0.875288367,NA
"IntDel000803","II_Ctrl","chr9:19914733-19914753_+","ATGACTCAGATGAGGCAAGA","Intergenic",0,"chr9:19915229-19915252_+","AAGTCTCATATATGGTGTAGCAT","Intergenic",0.874349236,NA
"IntDel000943","II_Ctrl","chr3:35117955-35117975_-","CCAGATTAACAGAGTTAAAG","Intergenic",0,"chr3:35117669-35117692_-","ACCCTGACCAATTAGACAAAAAG","Intergenic",0.857957363,NA
"IntDel000950","II_Ctrl","chr2:30842725-30842745_+","CCTGATATAGACAACAATGC","Intergenic",0,"chr2:30843385-30843408_+","AACAAATGATCCTGAGATAGAAA","Intergenic",0.857013524,NA
"IntDel000951","II_Ctrl","chr10:96110816-96110836_+","TTATGAGGCATGCTATAAGA","Intergenic",0,"chr10:96110606-96110629_+","GAAGATACCACAGAAAGCCATAT","Intergenic",0.856871128,NA
"IntDel000991","II_Ctrl","chr1:190536579-190536599_+","TAAACAAGTTCAAGCCCAAA","Intergenic",0,"chr1:190535981-190536004_+","ATCAGAAACTACCAGCAGAATAA","Intergenic",0.852035046,NA
"IntDel001019","II_Ctrl","chrX:138059929-138059949_+","TATATCCTTAGTGGACTCTC","Intergenic",0,"chrX:138060169-138060192_+","TCATCAGTTTCCTGGAACAGAAT","Intergenic",0.849443018,NA
"IntDel001083","II_Ctrl","chr7:77643756-77643776_+","TAACAGCCTCATAGAATATG","Intergenic",0,"chr7:77643430-77643453_+","GCATGCCTGTAAATCCCAGTTAC","Intergenic",0.841344476,NA
"IntDel001100","II_Ctrl","chr2:155737535-155737555_-","AGGTTTACTAGATGCTTTCA","Intergenic",0,"chr2:155737799-155737822_-","GCGCATACAGTAAAACTAATATT","Intergenic",0.83973968,NA
